Rk,Player,Age,Team,Pos,G,GS,MP,FG,FGA,FG%,3P,3PA,3P%,2P,2PA,2P%,eFG%,FT,FTA,FT%,ORB,DRB,TRB,AST,STL,BLK,TOV,PF,PTS,Awards,Player-additional
1,Stephen Curry,27,GSW,PG,79,79,34.2,10.2,20.2,0.504,5.1,11.2,0.454,5.1,9,0.566,0.63,4.6,5.1,0.908,0.9,4.6,5.4,6.7,2.1,0.2,3.3,2,30.1,MVP-1ASNBA1,curryst01
6,Damian Lillard,25,POR,PG,75,75,35.7,8.2,19.7,0.419,3.1,8.1,0.375,5.2,11.5,0.45,0.497,5.5,6.2,0.892,0.6,3.4,4,6.8,0.9,0.4,3.2,2.2,25.1,MVP-8NBA2,lillada01
12,Klay Thompson,25,GSW,SG,80,80,33.3,8.1,17.3,0.47,3.5,8.1,0.425,4.7,9.2,0.51,0.569,2.4,2.8,0.873,0.4,3.4,3.8,2.1,0.8,0.6,1.7,1.9,22.1,ASNBA3,thompkl01
2,James Harden,26,HOU,SG,82,82,38.1,8.7,19.7,0.439,2.9,8,0.359,5.8,11.7,0.494,0.512,8.8,10.2,0.86,0.8,5.3,6.1,7.5,1.7,0.6,4.6,2.8,29,MVP-9AS,hardeja01
91,Robert Covington,25,PHI,SF,67,49,28.4,4.1,10.6,0.385,2.5,7.2,0.353,1.6,3.4,0.452,0.504,2.1,2.6,0.791,1,5.3,6.3,1.4,1.6,0.6,2.1,3.5,12.8,,covinro01
37,Kobe Bryant,37,LAL,SF,66,66,28.2,6,16.9,0.358,2,7.1,0.285,4,9.8,0.41,0.417,3.5,4.3,0.826,0.6,3.1,3.7,2.8,0.9,0.2,2,1.7,17.6,AS,bryanko01
16,Kyle Lowry,29,TOR,PG,77,77,37,6.6,15.6,0.427,2.8,7.1,0.388,3.9,8.5,0.461,0.516,5.2,6.4,0.811,0.7,4,4.7,6.4,2.1,0.4,2.9,2.7,21.2,MVP-10DPOY-13ASNBA3,lowryky01
10,Paul George,25,IND,SF,81,81,34.8,7.5,17.9,0.418,2.6,7,0.371,4.9,10.9,0.447,0.49,5.6,6.5,0.86,1,6,7,4.1,1.9,0.4,3.3,2.8,23.1,ASNBA3DEF2,georgpa01
26,Brandon Knight,24,PHO,SG,52,50,36,7.1,17.2,0.415,2.3,6.8,0.342,4.8,10.5,0.461,0.482,3,3.5,0.852,0.7,3.2,3.9,5.1,1.2,0.4,3.4,2.4,19.6,,knighbr03
102,Wesley Matthews,29,DAL,SF,78,78,33.9,4.2,10.9,0.388,2.4,6.7,0.36,1.8,4.2,0.432,0.498,1.6,1.9,0.863,0.3,2.7,3.1,1.9,1,0.2,1,2.3,12.5,,matthwe02
3,Kevin Durant,27,OKC,SF,72,72,35.8,9.7,19.2,0.505,2.6,6.7,0.387,7.1,12.5,0.569,0.573,6.2,6.9,0.898,0.6,7.6,8.2,5,1,1.2,3.5,1.9,28.2,MVP-5ASNBA2,duranke01
103,J.R. Smith,30,CLE,SG,77,77,30.7,4.6,11,0.415,2.6,6.6,0.4,1.9,4.4,0.438,0.535,0.6,0.9,0.634,0.6,2.3,2.8,1.7,1.1,0.3,0.8,2.6,12.4,,smithjr01
62,Eric Gordon,27,NOP,SG,45,44,32.9,5.1,12.3,0.418,2.5,6.5,0.384,2.6,5.7,0.457,0.521,2.5,2.8,0.888,0.2,2,2.2,2.7,1,0.3,1.6,2.2,15.2,,gordoer01
128,Isaiah Canaan,24,PHI,SG,77,39,25.5,3.4,9.4,0.36,2.3,6.3,0.363,1.1,3.1,0.354,0.482,1.9,2.3,0.833,0.3,2,2.3,1.8,0.7,0.2,1.2,1.7,11,,canaais01
95,Trevor Ariza,30,HOU,SF,81,81,35.3,4.4,10.6,0.416,2.3,6.2,0.371,2.1,4.4,0.478,0.523,1.6,2,0.783,0.8,3.7,4.5,2.3,2,0.3,1.4,2.2,12.7,DPOY-13,arizatr01
114,C.J. Miles,28,IND,SF,64,24,22.9,4,9.9,0.409,2.2,6,0.367,1.8,3.9,0.474,0.521,1.5,1.9,0.75,0.4,2.3,2.7,1,0.8,0.5,1.1,2.2,11.8,,milescj01
18,Kemba Walker,25,CHO,PG,81,81,35.6,7,16.4,0.427,2.2,6,0.371,4.8,10.4,0.459,0.495,4.6,5.4,0.847,0.7,3.7,4.4,5.2,1.6,0.5,2.1,1.4,20.9,,walkeke02
19,CJ McCollum,24,POR,SG,80,80,34.8,8,17.9,0.448,2.5,5.9,0.417,5.6,12,0.463,0.517,2.3,2.8,0.827,0.6,2.7,3.2,4.3,1.2,0.3,2.5,2.3,20.8,MIP-1,mccolcj01
107,Mirza Teletović,30,PHO,PF,79,1,21.3,4.2,9.8,0.427,2.3,5.8,0.393,1.9,4,0.476,0.544,1.5,2,0.774,0.7,3.1,3.8,1.1,0.4,0.3,1.1,2,12.2,6MOY-16,teletmi01
65,Nicolas Batum,27,CHO,SF,70,70,35,5.3,12.5,0.426,2,5.7,0.348,3.3,6.8,0.492,0.506,2.3,2.7,0.849,0.8,5.3,6.1,5.8,0.9,0.6,2.9,1.6,14.9,,batumni01
11,Isaiah Thomas,26,BOS,PG,82,79,32.2,7.2,16.9,0.428,2,5.7,0.359,5.2,11.2,0.462,0.488,5.8,6.6,0.871,0.6,2.4,3,6.2,1.1,0.1,2.7,2,22.2,AS,thomais02
68,Rodney Hood,23,UTA,SG,79,79,32.2,5.2,12.3,0.42,2,5.7,0.359,3.1,6.6,0.472,0.503,2.2,2.5,0.86,0.5,2.9,3.4,2.7,0.9,0.2,1.6,2.6,14.5,,hoodro01
51,Kevin Love,27,CLE,PF,77,77,31.5,5.3,12.7,0.419,2.1,5.7,0.36,3.3,7,0.467,0.499,3.4,4.1,0.822,1.9,8,9.9,2.4,0.8,0.5,1.8,2.1,16,,loveke01
49,JJ Redick,31,LAC,SG,75,75,28,5.6,11.7,0.48,2.7,5.6,0.475,3,6.1,0.484,0.593,2.4,2.7,0.888,0.1,1.7,1.9,1.4,0.6,0.1,1,1.8,16.3,,redicjj01
228,James Ennis III,25,NOP,SF,9,5,31.3,5.6,11.1,0.5,2.7,5.6,0.48,2.9,5.6,0.52,0.62,2.1,2.7,0.792,1.9,2,3.9,2,1.3,0.3,1.9,2.9,15.9,,ennisja01
60,Avery Bradley,25,BOS,SG,76,72,33.4,6,13.4,0.447,1.9,5.4,0.361,4.1,8.1,0.505,0.52,1.3,1.6,0.78,0.6,2.3,2.9,2.1,1.5,0.3,1.4,2.2,15.2,DPOY-6DEF1,bradlav01
42,Ryan Anderson,27,NOP,PF,66,7,30.4,6,14.1,0.427,2,5.4,0.366,4,8.7,0.466,0.498,3,3.5,0.873,2,4,6,1.1,0.6,0.4,1.4,1.7,17,6MOY-6,anderry01
115,Nikola Mirotić,24,CHI,PF,66,38,24.9,3.8,9.2,0.407,2,5.2,0.39,1.7,4,0.43,0.518,2.2,2.7,0.807,0.9,4.6,5.5,1.5,0.9,0.7,1.5,2.3,11.8,,mirotni01
24,Gordon Hayward,25,UTA,SF,80,80,36.2,6.5,15,0.433,1.8,5.1,0.349,4.7,9.9,0.477,0.493,4.9,6,0.824,0.8,4.2,5,3.7,1.2,0.3,2.5,2.3,19.7,,haywago01
157,Hollis Thompson,24,PHI,SG,77,17,28,3.5,8.8,0.397,1.9,5.1,0.38,1.6,3.7,0.42,0.507,0.9,1.2,0.719,0.7,2.8,3.5,1.3,0.5,0.3,1,2.4,9.8,,thompho01
72,Jae Crowder,25,BOS,SF,73,73,31.6,4.9,11.1,0.443,1.7,5,0.336,3.3,6.2,0.529,0.518,2.7,3.3,0.82,1,4.2,5.1,1.8,1.7,0.5,1.1,2.7,14.2,DPOY-13,crowdja01
171,Kyle Korver,34,ATL,SG,80,80,30,3.4,7.7,0.435,2,5,0.398,1.4,2.7,0.502,0.563,0.6,0.7,0.833,0.2,3.1,3.3,2.1,0.8,0.4,1.2,2,9.2,,korveky01
280,Duje Dukan,24,SAC,SF,1,0,24,2,10,0.2,2,5,0.4,0,5,0,0.3,0,0,,2,2,4,1,1,0,0,2,6,,dukandu01
67,Kentavious Caldwell-Pope,22,DET,SG,76,76,36.7,5.3,12.6,0.42,1.5,4.9,0.309,3.8,7.8,0.489,0.479,2.4,3,0.811,0.9,2.8,3.7,1.8,1.4,0.2,1.4,2.2,14.5,,caldwke01
25,Kyrie Irving,23,CLE,PG,53,53,31.5,7.4,16.6,0.448,1.6,4.9,0.321,5.8,11.6,0.502,0.496,3.2,3.6,0.885,0.8,2.1,3,4.7,1.1,0.3,2.3,2,19.6,,irvinky01
149,Matt Barnes,35,MEM,SF,76,45,28.8,3.5,9.1,0.381,1.6,4.9,0.322,1.9,4.3,0.449,0.467,1.5,1.8,0.804,1.1,4.4,5.5,2.1,1,0.8,1.6,3.1,10,,barnema02
39,Bradley Beal,22,WAS,SG,55,35,31.1,6.5,14.5,0.449,1.9,4.9,0.387,4.6,9.6,0.481,0.515,2.5,3.2,0.767,0.7,2.7,3.4,2.9,1,0.2,2,2.1,17.4,,bealbr01
55,Evan Fournier,23,ORL,SF,79,71,32.5,5.4,11.8,0.462,2,4.9,0.4,3.5,6.8,0.506,0.546,2.5,3,0.836,0.4,2.4,2.8,2.7,1.2,0,1.7,2.7,15.4,,fournev01
59,Lou Williams,29,LAL,SG,67,35,28.5,4.2,10.3,0.408,1.6,4.8,0.344,2.6,5.6,0.464,0.488,5.3,6.3,0.83,0.5,2.1,2.5,2.5,0.9,0.3,1.6,1.6,15.3,,willilo02
119,Marvin Williams,29,CHO,PF,81,81,28.9,4.2,9.2,0.452,1.9,4.7,0.402,2.3,4.6,0.504,0.554,1.5,1.8,0.833,1.6,4.9,6.4,1.4,0.7,1,0.8,1.6,11.7,,willima02
159,Marcus Thornton,28,HOU,SG,47,6,18.8,3.7,9.3,0.4,1.6,4.6,0.338,2.1,4.7,0.461,0.484,1.1,1.2,0.879,0.7,1.8,2.4,1.4,0.7,0.1,0.9,1.6,10,,thornma01
87,D'Angelo Russell,19,LAL,PG,80,48,28.2,4.9,12,0.41,1.6,4.6,0.351,3.3,7.3,0.447,0.478,1.8,2.4,0.737,0.6,2.8,3.4,3.3,1.2,0.2,2.5,1.8,13.2,ROY-9,russeda01
32,Dirk Nowitzki,37,DAL,PF,75,75,31.5,6.6,14.8,0.448,1.7,4.6,0.368,5,10.3,0.483,0.504,3.3,3.7,0.893,0.7,5.8,6.5,1.8,0.7,0.7,1.1,2.1,18.3,,nowitdi01
153,Terrence Ross,24,TOR,SF,73,7,23.9,3.7,8.6,0.431,1.8,4.6,0.386,1.9,3.9,0.484,0.536,0.7,0.8,0.79,0.3,2.2,2.5,0.8,0.7,0.3,0.6,1.6,9.9,,rosste01
34,Khris Middleton,24,MIL,SG,79,79,36.1,6.4,14.5,0.444,1.8,4.6,0.396,4.6,9.9,0.466,0.507,3.5,3.9,0.888,0.6,3.3,3.8,4.2,1.7,0.2,2.3,2.6,18.2,,middlkh01
195,Nik Stauskas,22,PHI,SG,73,35,24.8,2.9,7.5,0.385,1.5,4.5,0.326,1.4,3,0.473,0.483,1.2,1.6,0.771,0.3,2.2,2.5,1.9,0.6,0.3,1.3,1.6,8.5,,stausni01
27,Danilo Gallinari,27,DEN,SF,53,53,34.7,5.4,13.2,0.41,1.6,4.5,0.364,3.8,8.7,0.434,0.472,7.1,8.2,0.868,1,4.3,5.3,2.5,0.8,0.4,1.5,1.6,19.5,,gallida01
129,DeMarre Carroll,29,TOR,SF,26,22,30.2,4,10.4,0.389,1.8,4.5,0.39,2.3,5.8,0.388,0.474,1.2,1.9,0.6,1.2,3.5,4.7,1,1.7,0.2,1.1,2.4,11,,carrode01
146,Marco Belinelli,29,SAC,SG,68,7,24.6,3.6,9.3,0.386,1.3,4.4,0.306,2.3,5,0.456,0.457,1.7,2,0.833,0.1,1.6,1.7,1.9,0.5,0,1.2,1.3,10.2,,belinma01
227,Nick Young,30,LAL,SG,54,2,19.1,2.3,6.9,0.339,1.4,4.4,0.325,0.9,2.5,0.363,0.442,1.2,1.4,0.829,0.3,1.5,1.8,0.6,0.4,0.1,0.6,0.9,7.3,,youngni01
233,Danny Green,28,SAS,SG,79,79,26.1,2.7,7.1,0.376,1.5,4.4,0.332,1.2,2.7,0.448,0.48,0.4,0.6,0.739,0.6,3.2,3.8,1.8,1,0.8,0.9,1.8,7.2,,greenda02
159,Marcus Thornton,28,2TM,SG,61,8,18.2,3.5,8.9,0.399,1.5,4.4,0.337,2,4.5,0.46,0.482,1.1,1.3,0.848,0.6,1.8,2.5,1.4,0.8,0.1,0.8,1.5,9.7,,thornma01
71,Jamal Crawford,35,LAC,SG,79,5,26.9,4.8,11.9,0.404,1.5,4.4,0.34,3.3,7.5,0.44,0.466,3.1,3.4,0.904,0.3,1.6,1.8,2.3,0.7,0.2,1.4,1.5,14.2,6MOY-1,crawfja01
28,Chris Paul,30,LAC,PG,74,74,32.7,7,15.1,0.462,1.6,4.4,0.371,5.3,10.6,0.501,0.517,4,4.4,0.896,0.5,3.7,4.2,10,2.1,0.2,2.6,2.5,19.5,MVP-6DPOY-13ASNBA2DEF1,paulch01
271,Channing Frye,32,CLE,C,26,3,17.2,2.7,6.2,0.441,1.7,4.4,0.377,1.1,1.8,0.596,0.575,0.4,0.5,0.786,0.5,3.1,3.6,1,0.3,0.3,0.5,2.2,7.5,,fryech01
152,Patrick Beverley,27,HOU,PG,71,63,28.7,3.6,8.4,0.434,1.7,4.4,0.4,1.9,4,0.472,0.539,0.8,1.2,0.682,1,2.5,3.5,3.4,1.3,0.4,1.3,3.3,9.9,,beverpa01
139,Jerryd Bayless,27,MIL,SG,52,18,28.9,3.6,8.4,0.423,1.9,4.4,0.437,1.6,4,0.408,0.539,1.3,1.7,0.778,0.4,2.3,2.7,3.1,0.9,0.2,1.4,2.1,10.4,,bayleje01
9,Russell Westbrook,27,OKC,PG,80,80,34.4,8.2,18.1,0.454,1.3,4.3,0.296,6.9,13.8,0.503,0.489,5.8,7.2,0.812,1.8,6,7.8,10.4,2,0.3,4.3,2.5,23.5,MVP-4ASNBA1,westbru01
13,Carmelo Anthony,31,NYK,SF,72,72,35.1,7.9,18.2,0.434,1.5,4.3,0.339,6.4,13.8,0.463,0.474,4.6,5.6,0.829,1.4,6.4,7.7,4.2,0.9,0.5,2.4,2.5,21.8,AS,anthoca01
77,Deron Williams,31,DAL,PG,65,63,32.4,4.9,11.9,0.414,1.5,4.3,0.344,3.4,7.6,0.454,0.477,2.8,3.2,0.869,0.3,2.6,2.9,5.8,0.9,0.2,2.3,2.4,14.1,,willide01
23,John Wall,25,WAS,PG,77,77,36.2,7.4,17.5,0.424,1.5,4.3,0.351,5.9,13.3,0.448,0.467,3.5,4.5,0.791,0.5,4.4,4.9,10.2,1.9,0.8,4.1,2.1,19.9,AS,walljo01
145,Al-Farouq Aminu,25,POR,SF,82,82,28.5,3.6,8.8,0.416,1.5,4.3,0.361,2.1,4.5,0.468,0.503,1.4,1.9,0.737,1.2,4.9,6.1,1.7,0.9,0.6,1.5,2.1,10.2,,aminual01
125,Bojan Bogdanović,26,BRK,SF,79,39,26.8,4.1,9.5,0.433,1.6,4.3,0.382,2.5,5.2,0.474,0.519,1.4,1.7,0.833,0.5,2.8,3.2,1.3,0.4,0.1,1.5,1.5,11.2,,bogdabo02
31,Reggie Jackson,25,DET,PG,79,79,30.7,6.8,15.7,0.434,1.5,4.2,0.353,5.3,11.5,0.464,0.482,3.7,4.3,0.864,0.7,2.5,3.2,6.2,0.7,0.1,2.8,2.4,18.8,,jacksre01
126,Sean Kilpatrick,26,BRK,SG,23,0,23.2,5,10.8,0.462,1.5,4.2,0.361,3.5,6.6,0.526,0.532,2.3,2.6,0.898,0.4,1.7,2.2,1.1,0.4,0.1,1.2,1.3,13.8,,kilpase01
29,Chris Bosh,31,MIA,PF,53,53,33.5,6.8,14.5,0.467,1.5,4.2,0.365,5.2,10.3,0.508,0.52,4,5.1,0.795,0.9,6.5,7.4,2.4,0.7,0.6,1.5,1.9,19.1,AS,boshch01
22,Eric Bledsoe,26,PHO,PG,31,31,34.2,7.2,15.9,0.453,1.5,4.2,0.372,5.6,11.7,0.482,0.502,4.5,5.5,0.802,0.6,3.5,4,6.1,2,0.6,3.5,2.4,20.4,,bledser01
108,George Hill,29,IND,PG,74,73,34.1,4.4,10,0.441,1.7,4.2,0.408,2.7,5.7,0.466,0.528,1.5,2,0.76,0.8,3.2,4,3.5,1.1,0.2,1.4,2,12.1,,hillge01
123,Jordan Hamilton,25,NOP,SF,11,4,27.6,4.5,10.5,0.422,1.2,4.1,0.289,3.3,6.5,0.507,0.478,1.3,1.9,0.667,1.1,4.5,5.6,2.3,0.7,0.3,1.5,2.2,11.4,,hamiljo02
54,Jordan Clarkson,23,LAL,SG,79,79,32.3,6,13.9,0.433,1.4,4.1,0.347,4.6,9.8,0.468,0.483,2.1,2.6,0.804,1.2,2.8,4,2.4,1.1,0.1,1.7,2.1,15.5,,clarkjo01
120,Kent Bazemore,26,ATL,SF,75,68,27.8,4.3,9.7,0.441,1.5,4.1,0.357,2.8,5.6,0.502,0.517,1.6,2,0.815,0.4,4.7,5.1,2.3,1.3,0.5,1.8,2.3,11.6,,bazemke01
138,Ersan İlyasova,28,DET,PF,52,52,27.6,4.2,9.8,0.425,1.5,4.1,0.363,2.7,5.6,0.471,0.502,1.5,2.1,0.725,1.9,3.5,5.4,1.1,0.7,0.5,1.1,2.3,11.3,,ilyaser01
84,Chandler Parsons,27,DAL,SF,61,51,29.5,5.2,10.7,0.492,1.7,4.1,0.414,3.5,6.6,0.54,0.571,1.5,2.2,0.684,0.5,4.2,4.7,2.8,0.8,0.3,1.6,1.9,13.7,,parsoch01
174,Marcus Smart,21,BOS,PG,61,10,27.3,3,8.7,0.348,1,4,0.253,2,4.7,0.427,0.405,2.1,2.7,0.777,1.2,2.9,4.2,3,1.5,0.3,1.3,3,9.1,,smartma01
209,O.J. Mayo,28,MIL,SG,41,24,26.6,2.9,7.8,0.371,1.3,4,0.321,1.6,3.9,0.421,0.452,0.8,1,0.775,0.3,2.2,2.6,2.9,1.2,0.2,1.8,3.1,7.8,,mayooj01
44,Jrue Holiday,25,NOP,PG,65,23,28.2,6.3,14.4,0.439,1.3,4,0.336,5,10.4,0.478,0.485,2.8,3.3,0.843,0.4,2.6,3,6,1.4,0.3,2.6,2.3,16.8,6MOY-16,holidjr01
134,Trey Burke,23,UTA,PG,64,0,21.3,4.1,9.9,0.413,1.4,4,0.344,2.7,5.9,0.46,0.483,1,1.3,0.817,0.3,1.5,1.8,2.3,0.5,0.1,1.3,1.3,10.6,,burketr01
69,Will Barton,25,DEN,SG,82,1,28.7,5.2,12,0.432,1.4,4,0.345,3.8,8,0.476,0.489,2.6,3.3,0.806,0.7,5.1,5.8,2.5,0.9,0.5,1.7,1.8,14.4,6MOY-4,bartowi01
106,Joe Johnson,34,BRK,SF,57,57,33.9,4.3,10.7,0.406,1.5,4,0.371,2.8,6.6,0.427,0.476,1.6,1.9,0.852,0.6,3.3,3.9,4.1,0.7,0,2,1.8,11.8,,johnsjo02
194,Patty Mills,27,SAS,PG,81,3,20.5,3.2,7.6,0.425,1.5,4,0.384,1.7,3.6,0.469,0.525,0.6,0.7,0.81,0.3,1.6,2,2.8,0.7,0.1,0.9,1.3,8.5,,millspa02
113,Omri Casspi,27,SAC,PF,69,21,27.2,4.3,9,0.481,1.6,4,0.409,2.7,5,0.537,0.571,1.5,2.3,0.648,0.8,5.1,5.9,1.4,0.8,0.2,1.4,2.2,11.8,,casspom01
15,Kawhi Leonard,24,SAS,SF,72,72,33.1,7.7,15.1,0.506,1.8,4,0.443,5.9,11.1,0.528,0.565,4.1,4.6,0.874,1.3,5.5,6.8,2.6,1.8,1,1.5,1.8,21.2,MVP-2DPOY-1ASNBA1DEF1,leonaka01
159,Marcus Thornton,28,WAS,SG,14,2,16,3,7.6,0.393,1.3,3.9,0.333,1.7,3.8,0.453,0.477,1.1,1.5,0.762,0.5,2,2.5,1.4,0.9,0.1,0.8,1.2,8.4,,thornma01
247,Wesley Johnson,28,LAC,SF,80,9,20.8,2.6,6.4,0.404,1.3,3.9,0.333,1.3,2.6,0.51,0.504,0.4,0.6,0.652,0.5,2.6,3.1,0.6,1.1,0.7,0.7,2.2,6.9,,johnswe01
52,Victor Oladipo,23,ORL,SG,72,52,33,5.9,13.5,0.438,1.4,3.9,0.348,4.5,9.6,0.475,0.489,2.8,3.4,0.83,0.7,4.1,4.8,3.9,1.6,0.8,2.1,2.4,16,,oladivi01
105,Gary Harris,21,DEN,SG,76,76,32.1,4.7,10.1,0.469,1.4,3.9,0.354,3.3,6.2,0.543,0.538,1.4,1.8,0.82,0.7,2.2,2.9,1.9,1.3,0.2,1.3,1.9,12.3,,harriga01
106,Joe Johnson,34,2TM,SF,81,81,33.4,4.7,10.6,0.439,1.5,3.9,0.383,3.2,6.7,0.471,0.509,1.5,1.8,0.831,0.6,3,3.6,3.9,0.8,0,2,1.8,12.2,,johnsjo02
80,Zach LaVine,20,MIN,SG,82,33,28,5.3,11.7,0.452,1.5,3.9,0.389,3.8,7.8,0.482,0.516,2,2.5,0.793,0.3,2.5,2.8,3.1,0.8,0.2,1.9,2.4,14,6MOY-14,lavinza01
268,P.J. Hairston,23,MEM,SF,18,9,20.8,2.6,7.3,0.348,0.9,3.8,0.232,1.7,3.5,0.476,0.409,0.9,1.2,0.727,0.4,2.2,2.6,0.5,0.4,0.2,0.9,1.7,6.9,,hairspj02
177,Gerald Green,30,MIA,SG,69,14,22.6,3.3,8.5,0.392,1.2,3.8,0.323,2.1,4.7,0.446,0.463,1,1.3,0.783,0.4,2,2.4,0.8,0.6,0.3,0.7,1.8,8.9,,greenge01
81,Devin Booker,19,PHO,SG,76,51,27.7,4.8,11.4,0.423,1.3,3.8,0.343,3.5,7.6,0.464,0.48,2.8,3.4,0.84,0.4,2.1,2.5,2.6,0.6,0.3,2.1,3,13.8,ROY-4,bookede01
168,Jordan Farmar,29,MEM,PG,12,10,24.3,3.5,8.3,0.42,1.3,3.8,0.356,2.2,4.6,0.473,0.5,0.8,0.8,1,0.3,1.8,2.1,3.1,1.3,0.2,1.5,1.8,9.2,,farmajo01
314,Anthony Tolliver,30,DET,PF,72,5,18.6,1.8,4.6,0.386,1.4,3.8,0.36,0.4,0.8,0.5,0.533,0.4,0.7,0.617,0.5,2.6,3.2,0.7,0.4,0.2,0.4,1.2,5.3,,tollian01
56,Mike Conley,28,MEM,PG,56,56,31.4,5.3,12.4,0.422,1.4,3.8,0.363,3.9,8.6,0.449,0.478,3.4,4.1,0.834,0.5,2.5,2.9,6.1,1.2,0.3,1.5,1.8,15.3,,conlemi01
217,D.J. Augustin,28,DEN,PG,28,0,23.5,3.6,8.2,0.445,1.6,3.8,0.411,2.1,4.4,0.475,0.541,2.8,3.4,0.819,0.1,1.8,1.9,4.7,0.9,0.1,1.9,1.6,11.6,,augusdj01
278,Josh Smith,30,HOU,PF,23,6,18.3,2.5,7.3,0.343,1,3.7,0.271,1.5,3.7,0.417,0.411,0.5,1.1,0.48,0.8,2.1,2.9,2.1,0.7,0.6,1.6,2.4,6.6,,smithjo03
268,P.J. Hairston,23,2TM,SF,66,52,19.9,2.2,6.2,0.355,1.1,3.7,0.29,1.1,2.5,0.449,0.441,0.8,1,0.781,0.4,2.3,2.6,0.6,0.5,0.2,0.6,2.1,6.2,,hairspj02
213,Jameer Nelson,33,DEN,PG,39,15,26.6,2.9,7.9,0.368,1.1,3.7,0.299,1.8,4.2,0.429,0.438,0.8,0.9,0.857,0.5,2.5,2.9,4.9,0.6,0.1,1.7,2.6,7.7,,nelsoja01
5,LeBron James,31,CLE,SF,76,76,35.6,9.7,18.6,0.52,1.1,3.7,0.309,8.6,14.9,0.573,0.551,4.7,6.5,0.731,1.5,6,7.4,6.8,1.4,0.6,3.3,1.9,25.3,MVP-3DPOY-11ASNBA1,jamesle01
126,Sean Kilpatrick,26,2TM,SG,31,0,19.9,4,8.7,0.456,1.3,3.7,0.342,2.7,5,0.538,0.528,1.9,2.2,0.896,0.4,1.4,1.8,0.9,0.4,0.1,1,1.2,11.1,,kilpase01
75,Marcus Morris,26,DET,SF,80,80,35.7,5.1,11.8,0.434,1.4,3.7,0.362,3.8,8.1,0.467,0.491,2.5,3.4,0.749,1.1,3.9,5.1,2.5,0.8,0.3,1.8,2.1,14.1,,morrima03
249,Patrick Patterson,26,TOR,PF,79,0,25.6,2.6,6.2,0.414,1.3,3.7,0.362,1.2,2.5,0.49,0.521,0.4,0.4,0.853,1,3.4,4.3,1.2,0.7,0.4,0.8,1.6,6.9,6MOY-16,pattepa01
197,Meyers Leonard,23,POR,PF,61,10,21.9,3.2,7.1,0.448,1.4,3.7,0.377,1.8,3.4,0.527,0.547,0.6,0.8,0.761,0.8,4.3,5.1,1.5,0.1,0.3,1.3,3,8.4,,leoname01
276,Paul Pierce,38,LAC,SF,68,38,18.1,2.1,5.8,0.363,1.1,3.6,0.31,1,2.3,0.445,0.457,0.8,1,0.818,0.2,2.6,2.7,1,0.5,0.3,0.9,1.9,6.1,,piercpa01
268,P.J. Hairston,23,CHO,SF,48,43,19.5,2.1,5.8,0.359,1.1,3.6,0.314,0.9,2.2,0.433,0.457,0.7,0.9,0.81,0.4,2.3,2.7,0.6,0.5,0.1,0.5,2.2,6,,hairspj02
289,Jason Terry,38,HOU,SG,72,7,17.5,2.1,5.2,0.402,1.3,3.6,0.356,0.8,1.6,0.504,0.525,0.4,0.5,0.818,0.2,0.9,1.1,1.4,0.7,0.1,0.7,1.3,5.9,,terryja01
121,Otto Porter Jr.,22,WAS,SF,75,73,30.3,4.5,9.6,0.473,1.3,3.6,0.367,3.2,6,0.536,0.541,1.3,1.7,0.754,1.3,3.9,5.2,1.6,1.4,0.4,0.9,2.2,11.6,,porteot01
82,Monta Ellis,30,IND,SG,81,81,33.8,5.4,12.6,0.427,1.1,3.5,0.309,4.3,9.1,0.472,0.47,2,2.5,0.786,0.5,2.8,3.3,4.7,1.9,0.5,2.5,2.1,13.8,,ellismo01
104,Luol Deng,30,MIA,PF,74,73,32.4,4.6,10.1,0.455,1.2,3.5,0.344,3.4,6.6,0.513,0.514,2,2.6,0.755,1.5,4.5,6,1.9,1,0.4,1.1,1.6,12.3,,denglu01
188,Shelvin Mack,25,UTA,PG,28,27,31.4,5.1,11.4,0.444,1.3,3.5,0.357,3.8,7.9,0.482,0.498,1.3,1.8,0.735,0.4,3.4,3.8,5.3,0.9,0.1,2.9,2.3,12.7,,macksh01
212,Wayne Ellington,28,BRK,SG,76,41,21.3,2.9,7.4,0.389,1.3,3.5,0.358,1.6,3.9,0.416,0.474,0.7,0.8,0.857,0.3,2,2.3,1.1,0.6,0.1,0.6,1.1,7.7,,ellinwa01
138,Ersan İlyasova,28,2TM,PF,74,56,25.4,3.8,8.9,0.424,1.3,3.5,0.371,2.5,5.4,0.458,0.496,1.5,2.1,0.721,1.9,3.5,5.4,0.9,0.7,0.4,1,2.3,10.4,,ilyaser01
132,J.J. Barea,31,DAL,PG,74,16,22.5,4.3,9.6,0.446,1.4,3.5,0.385,2.9,6.1,0.481,0.516,1,1.3,0.771,0.4,1.7,2.1,4.1,0.4,0,1.5,1.5,10.9,6MOY-12,bareajo01
141,Allen Crabbe,23,POR,SG,81,8,26,3.8,8.4,0.459,1.4,3.5,0.393,2.5,4.9,0.506,0.541,1.2,1.4,0.867,0.3,2.3,2.7,1.2,0.8,0.2,0.8,2.4,10.3,6MOY-16,crabbal01
53,Jeff Teague,27,ATL,PG,79,78,28.5,5.5,12.5,0.439,1.4,3.5,0.401,4.1,9,0.454,0.495,3.3,3.9,0.837,0.4,2.3,2.7,5.9,1.2,0.3,2.8,2.1,15.7,,teaguje01
106,Joe Johnson,34,MIA,SF,24,24,32,5.4,10.5,0.518,1.5,3.5,0.417,4,7,0.569,0.588,1.1,1.4,0.765,0.6,2.2,2.8,3.6,0.9,0.1,1.8,1.9,13.4,,johnsjo02
93,Emmanuel Mudiay,19,DEN,PG,68,66,30.4,4.8,13.3,0.364,1.1,3.4,0.319,3.8,9.9,0.379,0.404,2.1,3.1,0.67,0.5,2.9,3.4,5.5,1,0.5,3.2,2.1,12.8,ROY-7,mudiaem01
70,Kristaps Porziņģis,20,NYK,PF,72,72,28.4,5.2,12.3,0.421,1.1,3.4,0.333,4.1,8.9,0.454,0.467,2.8,3.3,0.838,1.8,5.5,7.3,1.3,0.7,1.9,1.7,2.8,14.3,ROY-2,porzikr01
89,Arron Afflalo,30,NYK,SG,71,57,33.4,5,11.3,0.443,1.3,3.4,0.382,3.7,7.9,0.469,0.5,1.5,1.8,0.84,0.3,3.4,3.7,2,0.4,0.1,1.2,2,12.8,,afflaar01
271,Channing Frye,32,2TM,C,70,32,17.1,2.2,5,0.438,1.3,3.4,0.387,0.9,1.6,0.545,0.569,0.4,0.5,0.857,0.5,2.8,3.3,1,0.4,0.4,0.6,1.8,6.1,,fryech01
61,Tyreke Evans,26,NOP,SG,25,25,30.6,5.4,12.6,0.433,1.3,3.4,0.388,4.1,9.2,0.45,0.486,3,3.7,0.796,0.8,4.4,5.2,6.6,1.3,0.3,2.9,2.6,15.2,,evansty01
246,Brandon Jennings,26,DET,PG,23,1,18.1,2.3,6.2,0.371,1,3.3,0.312,1.3,2.9,0.439,0.455,1.2,1.7,0.711,0.2,1.8,2,3,0.5,0.1,1,1,6.8,,jennibr01
66,Tobias Harris,23,DET,PF,27,25,33.4,6.1,12.9,0.477,1.2,3.3,0.375,4.9,9.6,0.512,0.524,3,3.3,0.911,0.9,5.3,6.2,2.6,0.7,0.4,1.1,2.3,16.6,,harrito02
182,Toney Douglas,29,NOP,PG,61,18,20.7,3,7.3,0.411,1.3,3.3,0.399,1.7,4,0.421,0.502,1.4,1.6,0.848,0.4,1.9,2.3,2.6,1.1,0.1,1,2.1,8.7,,douglto01
297,Greivis Vásquez,29,MIL,PG,23,0,20,2,6,0.326,0.8,3.2,0.247,1.2,2.8,0.415,0.391,1,1.1,0.846,0.2,1.8,2,4,0.4,0,1.7,1.8,5.7,,vasqugr01
92,Jarrett Jack,32,BRK,PG,32,32,32.1,4.4,11.2,0.391,1,3.2,0.304,3.4,8,0.426,0.434,3.1,3.5,0.893,0.3,4,4.3,7.4,1.1,0.2,2.9,2.4,12.8,,jackja01
246,Brandon Jennings,26,2TM,PG,48,7,18.1,2.3,6.3,0.368,1.1,3.2,0.329,1.3,3.1,0.409,0.452,1.2,1.6,0.731,0.3,1.7,2,3.5,0.6,0.1,1.2,1.2,6.9,,jennibr01
4,DeMarcus Cousins,25,SAC,C,65,65,34.6,9.2,20.5,0.451,1.1,3.2,0.333,8.2,17.3,0.473,0.477,7.3,10.2,0.718,2.4,9.1,11.5,3.3,1.6,1.4,3.8,3.6,26.9,ASNBA2,couside01
226,Garrett Temple,29,WAS,SF,80,43,24.4,2.5,6.3,0.398,1.1,3.2,0.345,1.4,3.1,0.453,0.486,1.1,1.6,0.728,0.5,2.2,2.7,1.8,0.9,0.2,0.8,2.4,7.3,,templga01
312,Ronnie Price,32,PHO,PG,62,18,19.5,1.9,4.9,0.384,1.1,3.2,0.347,0.8,1.7,0.453,0.497,0.5,0.7,0.756,0.4,1.2,1.6,2.4,1.2,0.2,1.1,2.6,5.3,,pricero01
117,Harrison Barnes,23,GSW,SF,66,59,30.9,4.5,9.6,0.466,1.2,3.2,0.383,3.2,6.3,0.508,0.531,1.5,2,0.761,1.2,3.8,4.9,1.8,0.6,0.2,0.9,2.1,11.7,,barneha02
79,Draymond Green,25,GSW,PF,81,81,34.7,5,10.1,0.49,1.2,3.2,0.388,3.7,6.9,0.537,0.551,2.8,4.1,0.696,1.7,7.8,9.5,7.4,1.5,1.4,3.2,3,14,MVP-7DPOY-2ASNBA2DEF1,greendr01
232,Mike Dunleavy,35,CHI,SF,31,30,22.7,2.5,6.1,0.41,1.3,3.2,0.394,1.2,2.9,0.427,0.513,0.9,1.2,0.784,0.3,2.4,2.7,1.3,0.5,0.3,0.8,2.1,7.2,,dunlemi02
164,Doug McDermott,24,CHI,SF,81,4,23,3.6,8,0.452,1.4,3.2,0.425,2.2,4.8,0.47,0.537,0.9,1,0.857,0.5,2,2.4,0.7,0.2,0.1,0.7,1.6,9.4,,mcderdo01
284,Randy Foye,32,DEN,SG,54,7,19.8,2.2,6.2,0.351,0.9,3.1,0.296,1.2,3,0.409,0.426,0.7,0.9,0.83,0.3,1.6,1.9,2.1,0.5,0.3,1.1,1.5,6,,foyera01
284,Randy Foye,32,2TM,SG,81,8,20.3,2.1,6,0.351,0.9,3.1,0.3,1.2,2.9,0.405,0.428,0.8,0.9,0.824,0.3,1.6,1.9,2,0.5,0.4,1.1,1.6,5.9,,foyera01
66,Tobias Harris,23,ORL,PF,49,49,32.9,5.1,11,0.464,1,3.1,0.311,4.2,8,0.523,0.507,2.4,3.1,0.784,1.4,5.5,7,2,1,0.6,1.6,1.9,13.7,,harrito02
17,Jimmy Butler,26,CHI,SG,67,67,36.9,7,15.4,0.454,1,3.1,0.312,6.1,12.4,0.489,0.485,5.9,7.1,0.832,1.2,4.2,5.3,4.8,1.6,0.6,2,1.9,20.9,DPOY-11ASDEF2,butleji01
66,Tobias Harris,23,2TM,PF,76,74,33.1,5.5,11.7,0.469,1.1,3.1,0.335,4.4,8.6,0.518,0.514,2.7,3.2,0.831,1.3,5.4,6.7,2.2,0.9,0.5,1.4,2,14.7,,harrito02
40,Rudy Gay,29,SAC,SF,70,70,34,6.7,14.4,0.463,1.1,3.1,0.344,5.6,11.3,0.495,0.5,2.8,3.6,0.78,1.5,5,6.5,1.7,1.4,0.7,2,2.6,17.2,,gayru01
63,Al Horford,29,ATL,C,82,82,32.1,6.5,12.8,0.505,1.1,3.1,0.344,5.4,9.7,0.557,0.547,1.3,1.6,0.798,1.8,5.5,7.3,3.2,0.8,1.5,1.3,2,15.2,DPOY-13AS,horfoal01
246,Brandon Jennings,26,ORL,PG,25,6,18.1,2.4,6.4,0.366,1.1,3.1,0.346,1.3,3.3,0.386,0.45,1.2,1.6,0.75,0.4,1.6,2,4,0.7,0.2,1.4,1.3,7,,jennibr01
158,Dion Waiters,24,OKC,SG,78,15,27.6,3.6,9.1,0.399,1.1,3.1,0.358,2.5,6,0.421,0.46,1.4,2,0.713,0.5,2.1,2.6,2,1,0.2,1.5,1.8,9.8,,waitedi01
162,Manu Ginóbili,38,SAS,SG,58,0,19.6,3.4,7.5,0.453,1.2,3.1,0.391,2.2,4.4,0.496,0.533,1.6,1.9,0.813,0.4,2.1,2.5,3.1,1.1,0.2,1.7,1.7,9.6,,ginobma01
219,Matthew Dellavedova,25,CLE,PG,76,14,24.6,2.7,6.7,0.405,1.3,3.1,0.41,1.4,3.6,0.401,0.501,0.8,0.9,0.864,0.4,1.7,2.1,4.4,0.6,0.1,1.5,2.3,7.5,,dellama01
284,Randy Foye,32,OKC,SG,27,1,21.2,1.9,5.5,0.349,0.9,3,0.309,1,2.5,0.397,0.433,0.8,1,0.815,0.3,1.6,1.9,1.8,0.5,0.5,1,1.8,5.6,,foyera01
130,Dennis Schröder,22,ATL,PG,80,6,20.3,4.1,9.8,0.421,1,3,0.322,3.2,6.8,0.465,0.471,1.8,2.3,0.791,0.3,2.2,2.6,4.4,0.9,0.1,2.3,1.7,11,6MOY-9,schrode01
302,Anthony Morrow,30,OKC,SG,68,6,13.6,2,4.9,0.408,1.2,3,0.387,0.8,1.9,0.442,0.527,0.4,0.6,0.744,0.1,0.8,0.9,0.4,0.3,0.1,0.3,0.9,5.6,,morroan01
151,Kelly Olynyk,24,BOS,C,69,8,20.2,3.7,8.1,0.455,1.2,3,0.405,2.4,5,0.486,0.531,1.4,1.9,0.75,1,3,4.1,1.5,0.8,0.5,1.1,2.4,10,,olynyke01
225,Jodie Meeks,28,DET,SG,3,0,14.3,2.3,6.7,0.35,1.3,3,0.444,1,3.7,0.273,0.45,1.3,1.3,1,0.3,1.3,1.7,1,0,0,0.3,0.7,7.3,,meeksjo01
109,Markieff Morris,26,WAS,PF,27,21,26.4,5,10.6,0.467,0.9,2.9,0.316,4,7.7,0.524,0.51,1.6,2,0.764,1.1,4.7,5.9,1.4,0.9,0.6,1.7,3,12.4,,morrima02
41,Paul Millsap,30,ATL,PF,81,81,32.7,6.2,13.2,0.47,0.9,2.9,0.319,5.3,10.3,0.512,0.505,3.8,5,0.757,2.4,6.6,9,3.3,1.8,1.7,2.4,2.9,17.1,DPOY-5ASDEF2,millspa01
116,Jeff Green,29,LAC,SF,27,10,26.3,4.2,9.9,0.427,0.9,2.9,0.325,3.3,7,0.468,0.474,1.5,2.4,0.615,0.7,2.7,3.4,1.5,0.7,0.8,0.9,2.3,10.9,,greenje02
118,Jeremy Lin,27,CHO,SG,78,13,26.3,3.8,9.3,0.412,1,2.9,0.336,2.9,6.4,0.446,0.464,3.1,3.7,0.815,0.5,2.7,3.2,3,0.7,0.5,1.9,2.1,11.7,6MOY-7,linje01
78,Darren Collison,28,SAC,PG,74,15,30,5.1,10.5,0.486,1.2,2.9,0.401,3.9,7.6,0.519,0.542,2.6,3.1,0.858,0.4,1.9,2.3,4.3,1,0.1,1.8,1.9,14,6MOY-15,collida01
206,Jared Dudley,30,WAS,PF,81,41,25.9,2.9,6,0.478,1.2,2.9,0.42,1.6,3.1,0.534,0.581,0.9,1.2,0.735,0.7,2.9,3.5,2.1,0.9,0.2,1,2.3,7.9,,dudleja01
321,Charlie Villanueva,31,DAL,PF,62,4,10.7,2,5.3,0.382,0.8,2.8,0.273,1.3,2.5,0.503,0.454,0.4,0.4,0.917,0.4,2.1,2.5,0.4,0.3,0.2,0.5,1.1,5.1,,villach01
203,Stanley Johnson,19,DET,SF,73,6,23.1,3.1,8.2,0.375,0.9,2.8,0.307,2.2,5.4,0.41,0.428,1.1,1.4,0.784,0.8,3.4,4.2,1.6,0.8,0.2,1.6,2.4,8.1,,johnsst04
74,Goran Dragić,29,MIA,PG,72,72,32.8,5.8,12.2,0.477,0.9,2.8,0.312,4.9,9.3,0.527,0.513,1.7,2.3,0.727,0.8,3.1,3.8,5.8,1,0.2,2.6,2.6,14.1,,dragigo01
322,Alan Anderson,33,WAS,SG,13,0,14.8,1.6,4.5,0.356,0.9,2.8,0.324,0.7,1.7,0.409,0.458,0.8,1.2,0.733,0.1,2,2.1,1.1,0.3,0.1,0.2,1.9,5,,anderal01
178,Austin Rivers,23,LAC,SG,67,7,21.9,3.4,7.7,0.438,0.9,2.8,0.335,2.4,4.9,0.495,0.498,1.2,1.7,0.681,0.3,1.6,1.9,1.5,0.7,0.1,0.9,2,8.9,,riverau01
261,Tim Hardaway Jr.,23,ATL,SG,51,1,16.9,2.2,5.2,0.43,0.9,2.8,0.336,1.3,2.4,0.541,0.521,1,1.1,0.893,0.1,1.5,1.7,1,0.4,0.1,0.5,0.9,6.4,,hardati02
254,Vince Carter,39,MEM,SG,60,3,16.8,2.2,5.7,0.388,1,2.8,0.349,1.2,2.9,0.425,0.474,1.2,1.4,0.833,0.5,1.9,2.4,0.9,0.6,0.3,0.6,1.7,6.6,,cartevi01
161,Courtney Lee,30,CHO,SG,28,28,30.2,3.5,7.9,0.445,1.1,2.8,0.392,2.4,5,0.475,0.516,0.8,0.9,0.885,0.4,2.8,3.1,2.1,1.2,0.4,0.8,2,8.9,,leeco01
271,Channing Frye,32,ORL,PF,44,29,17.1,1.8,4.2,0.435,1.1,2.8,0.397,0.8,1.5,0.508,0.565,0.4,0.5,0.905,0.5,2.7,3.2,1,0.5,0.5,0.7,1.6,5.2,,fryech01
214,José Calderón,34,NYK,PG,72,72,28.1,2.9,6.3,0.459,1.2,2.8,0.414,1.7,3.5,0.496,0.552,0.6,0.7,0.875,0.3,2.9,3.2,4.1,0.9,0.1,1.2,1.9,7.6,,caldejo01
298,Troy Daniels,24,CHO,SG,43,0,11.1,2.1,4.3,0.476,1.4,2.8,0.484,0.7,1.5,0.462,0.634,0.1,0.2,0.556,0.2,1.2,1.3,0.5,0.3,0.1,0.6,0.9,5.6,,danietr01
230,Corey Brewer,29,HOU,SF,82,12,20.4,2.6,6.7,0.384,0.7,2.7,0.272,1.8,4,0.46,0.439,1.3,1.7,0.75,0.5,1.9,2.4,1.3,1,0.2,1,2,7.2,,breweco01
163,Raymond Felton,31,DAL,PG,80,31,27.4,3.5,8.5,0.406,0.8,2.7,0.282,2.7,5.9,0.463,0.45,1.9,2.2,0.847,0.5,2.8,3.2,3.6,0.9,0.2,1.5,1.8,9.5,,feltora01
292,Iman Shumpert,25,CLE,SG,54,5,24.4,2.1,5.6,0.374,0.8,2.7,0.295,1.3,2.9,0.447,0.444,0.7,0.9,0.784,0.6,3.2,3.8,1.7,1,0.4,1.1,2.2,5.8,,shumpim01
181,Jeremy Lamb,23,CHO,SG,66,0,18.6,3.5,7.7,0.451,0.8,2.7,0.309,2.6,5,0.529,0.506,1,1.3,0.727,0.7,3.2,3.8,1.2,0.6,0.5,0.8,1.6,8.8,,lambje01
116,Jeff Green,29,2TM,SF,80,41,28.2,4.4,10.3,0.43,0.8,2.7,0.315,3.6,7.6,0.47,0.47,2.1,2.8,0.745,0.9,3.2,4.2,1.7,0.7,0.5,1.2,2.1,11.7,,greenje02
99,Ish Smith,27,PHI,PG,50,50,32.4,6,14.8,0.405,0.9,2.7,0.336,5.1,12,0.42,0.436,1.8,2.7,0.669,0.6,3.7,4.3,7,1.3,0.4,2.6,1.9,14.7,,smithis01
215,Langston Galloway,24,NYK,PG,82,7,24.8,2.8,7.2,0.393,0.9,2.7,0.344,1.9,4.4,0.423,0.458,1,1.4,0.754,0.5,3,3.5,2.5,0.9,0.3,0.7,2.2,7.6,,gallola01
235,Aaron Brooks,31,CHI,PG,69,0,16.1,2.7,6.8,0.401,1,2.7,0.357,1.8,4.1,0.43,0.471,0.7,0.9,0.766,0.3,1.2,1.5,2.6,0.4,0.1,1.2,1.9,7.1,,brookaa01
210,Ben McLemore,22,SAC,SG,68,53,21.2,2.9,6.7,0.429,1,2.7,0.362,1.9,4,0.474,0.502,1.1,1.5,0.718,0.5,1.7,2.2,1.2,0.8,0.1,1.5,2.1,7.8,,mclembe01
161,Courtney Lee,30,MEM,SG,51,37,29.2,3.8,8.2,0.458,1,2.7,0.37,2.8,5.5,0.502,0.519,1.5,1.8,0.826,0.4,1.9,2.3,1.5,1,0.3,1,1.5,10,,leeco01
161,Courtney Lee,30,2TM,SG,79,65,29.5,3.7,8.1,0.454,1,2.7,0.378,2.6,5.3,0.493,0.518,1.3,1.5,0.839,0.4,2.2,2.6,1.7,1.1,0.4,0.9,1.7,9.6,,leeco01
217,D.J. Augustin,28,2TM,PG,62,0,19,2.4,5.6,0.423,1.1,2.7,0.405,1.3,2.9,0.44,0.52,1.7,2.1,0.805,0.1,1.4,1.5,3.2,0.6,0.1,1.4,1.4,7.5,,augusdj01
278,Josh Smith,30,2TM,PF,55,7,16,2.3,6.3,0.364,0.7,2.6,0.287,1.6,3.7,0.417,0.423,0.7,1.2,0.552,0.9,2.6,3.5,1.6,0.6,0.9,1.4,2.1,6,,smithjo03
116,Jeff Green,29,MEM,SF,53,31,29.1,4.5,10.5,0.431,0.8,2.6,0.309,3.7,7.9,0.47,0.469,2.3,2.9,0.8,1,3.5,4.5,1.8,0.8,0.4,1.3,1.9,12.2,,greenje02
341,Steve Blake,35,DET,PG,58,2,17,1.6,4.1,0.388,0.9,2.6,0.344,0.7,1.5,0.461,0.496,0.3,0.3,0.8,0.2,1.4,1.5,3.4,0.4,0.1,1.4,1.2,4.4,,blakest01
165,Kevin Martin,32,MIN,SG,39,12,21.4,3.2,8.6,0.377,1,2.6,0.369,2.3,5.9,0.381,0.434,3.2,3.6,0.88,0.3,1.8,2.1,1.2,0.4,0,1.1,1.7,10.6,,martike02
388,Ray McCallum,24,MEM,PG,10,3,21.9,2.8,7.9,0.354,1,2.6,0.385,1.8,5.3,0.34,0.418,0.3,0.5,0.6,0.2,1.4,1.6,2.7,0.7,0.3,1.3,1.5,6.9,,mccalra01
349,Joe Ingles,28,UTA,SF,81,2,15.3,1.5,3.6,0.426,1,2.6,0.386,0.5,1,0.531,0.565,0.2,0.2,0.722,0.2,1.6,1.9,1.2,0.7,0,0.8,1.2,4.2,,inglejo01
228,James Ennis III,25,3TM,SF,22,5,15,2.5,5.1,0.478,1.2,2.6,0.448,1.3,2.5,0.509,0.593,1.1,1.5,0.735,1,1,1.9,1,0.7,0.2,0.9,1.3,7.2,,ennisja01
367,Orlando Johnson,26,PHO,SG,2,0,23.5,2.5,8.5,0.294,0.5,2.5,0.2,2,6,0.333,0.324,2.5,3,0.833,1.5,3,4.5,0,1,1.5,0.5,2.5,8,,johnsor01
256,Kris Humphries,30,PHO,PF,4,3,18.5,2.5,9,0.278,0.8,2.5,0.3,1.8,6.5,0.269,0.319,1.5,2,0.75,2.8,5.3,8,1.8,0.8,0.5,1,2,7.3,,humphkr01
140,Mario Chalmers,29,MEM,PG,55,7,22.8,3.1,7.5,0.417,0.8,2.5,0.326,2.3,5,0.464,0.472,3.7,4.5,0.827,0.4,2.2,2.6,3.8,1.5,0.2,1.8,3,10.8,,chalmma01
148,Ricky Rubio,25,MIN,PG,76,76,30.6,2.9,7.7,0.374,0.8,2.5,0.326,2.1,5.2,0.396,0.427,3.5,4.1,0.847,0.5,3.8,4.3,8.7,2.1,0.1,2.5,2.6,10.1,,rubiori01
216,Devin Harris,32,DAL,PG,64,0,20,2.6,5.8,0.447,0.8,2.5,0.329,1.8,3.4,0.532,0.516,1.6,2.2,0.721,0.3,1.9,2.2,1.8,0.9,0.2,1,1.9,7.6,,harride01
205,P.J. Tucker,30,PHO,SF,82,80,31,2.9,7.1,0.411,0.8,2.5,0.33,2.1,4.6,0.455,0.469,1.3,1.7,0.746,2,4.2,6.2,2.2,1.3,0.2,1.4,2.5,8,,tuckepj01
220,Frank Kaminsky,22,CHO,C,81,3,21.1,2.7,6.5,0.41,0.8,2.5,0.337,1.8,4,0.455,0.474,1.3,1.8,0.73,0.9,3.3,4.1,1.2,0.5,0.5,0.7,1.6,7.5,,kaminfr01
202,Mo Williams,33,CLE,PG,41,14,18.2,3.2,7.4,0.437,0.9,2.5,0.353,2.3,4.9,0.48,0.497,0.9,1,0.905,0.1,1.6,1.8,2.4,0.3,0.1,1.4,1.5,8.2,,willima01
165,Kevin Martin,32,2TM,SG,55,13,19.9,2.8,7.6,0.372,0.9,2.5,0.36,1.9,5.1,0.378,0.431,2.8,3.1,0.89,0.3,1.7,2,1.1,0.5,0.1,1,1.5,9.3,,martike02
86,Alec Burks,24,UTA,SG,31,3,25.7,4.4,10.8,0.41,1,2.5,0.405,3.4,8.2,0.412,0.458,3.4,4.5,0.752,0.5,3,3.5,2,0.6,0.1,1.6,2.3,13.3,,burksal01
156,Gary Neal,31,WAS,SG,40,2,20.2,3.8,8.1,0.465,1,2.5,0.41,2.8,5.6,0.489,0.528,1.2,1.4,0.855,0.3,1.8,2.1,1.2,0.5,0,0.7,1.4,9.8,,nealga01
251,Seth Curry,25,SAC,PG,44,9,15.7,2.3,5.1,0.455,1.1,2.5,0.45,1.2,2.6,0.46,0.567,1,1.2,0.833,0.2,1.2,1.4,1.5,0.5,0.1,0.8,0.9,6.8,,curryse01
358,Anthony Brown,23,LAL,SF,29,11,20.7,1.3,4.3,0.31,0.7,2.4,0.286,0.7,1.9,0.339,0.389,0.6,0.7,0.85,0.3,2.1,2.4,0.7,0.5,0.2,0.5,1.2,4,,brownan02
109,Markieff Morris,26,2TM,PF,64,45,25.5,4.8,11.2,0.425,0.7,2.4,0.303,4,8.8,0.458,0.458,1.7,2.3,0.735,1.1,4.4,5.5,1.9,0.9,0.5,2.1,2.9,12,,morrima02
140,Mario Chalmers,29,2TM,PG,61,7,22.5,3,7.3,0.41,0.8,2.4,0.309,2.2,4.8,0.461,0.462,3.6,4.3,0.832,0.4,2.2,2.6,3.8,1.4,0.2,1.8,3,10.3,,chalmma01
325,Metta World Peace,36,LAL,SF,35,5,16.9,1.6,5.1,0.311,0.7,2.4,0.31,0.8,2.7,0.312,0.384,1.1,1.6,0.702,0.5,2,2.5,0.8,0.6,0.3,0.4,1.9,5,,artesro01
188,Shelvin Mack,25,2TM,PG,52,27,20.3,3.5,8,0.439,0.8,2.4,0.312,2.8,5.6,0.493,0.486,0.9,1.2,0.738,0.3,2.2,2.5,3.6,0.7,0.1,1.8,1.4,8.6,,macksh01
100,Serge Ibaka,26,OKC,PF,78,78,32.1,5.3,11.1,0.479,0.8,2.4,0.326,4.6,8.8,0.52,0.513,1.2,1.6,0.752,1.8,5,6.8,0.8,0.5,1.9,1.4,2.7,12.6,,ibakase01
256,Kris Humphries,30,WAS,PF,28,14,16.6,2.3,5.6,0.405,0.8,2.4,0.343,1.5,3.3,0.451,0.478,1,1.1,0.935,0.9,3.2,4.1,0.6,0.1,0.5,0.7,1.5,6.4,,humphkr01
273,Mario Hezonja,20,ORL,SF,79,9,17.9,2.3,5.3,0.433,0.8,2.4,0.349,1.4,2.9,0.504,0.513,0.6,0.7,0.907,0.4,1.9,2.2,1.4,0.5,0.2,1.2,1.6,6.1,,hezonma01
243,Andre Iguodala,32,GSW,SF,65,1,26.6,2.7,5.7,0.478,0.8,2.4,0.351,1.9,3.3,0.57,0.552,0.8,1.3,0.614,0.8,3.2,4,3.4,1.1,0.3,1.2,1.6,7,6MOY-2,iguodan01
313,Tony Snell,24,CHI,SF,64,33,20.3,2,5.3,0.372,0.9,2.4,0.361,1.1,2.9,0.38,0.454,0.5,0.5,0.909,0.3,2.8,3.1,1,0.3,0.3,0.8,1.6,5.3,,snellto01
112,Rajon Rondo,29,SAC,PG,72,72,35.2,4.9,10.9,0.454,0.9,2.4,0.365,4.1,8.5,0.479,0.494,1.2,2.1,0.58,1.1,5,6,11.7,2,0.1,3.9,2.4,11.9,,rondora01
48,Derrick Rose,27,CHI,PG,66,66,31.8,6.8,15.9,0.427,0.7,2.3,0.293,6.1,13.6,0.449,0.448,2.2,2.7,0.793,0.7,2.7,3.4,4.7,0.7,0.2,2.7,1.3,16.4,,rosede01
20,Andrew Wiggins,20,MIN,SF,81,81,35.1,7.3,16,0.459,0.7,2.3,0.3,6.6,13.6,0.486,0.481,5.3,7,0.761,1.3,2.3,3.6,2,1,0.6,2.2,2,20.7,,wiggian01
135,Norris Cole,27,NOP,PG,45,23,26.6,4.4,10.8,0.405,0.7,2.3,0.324,3.6,8.5,0.427,0.439,1.2,1.4,0.8,0.2,3.1,3.4,3.7,0.8,0.1,1.7,2.3,10.6,,coleno01
326,Sasha Vujačić,31,NYK,SG,61,25,14.9,1.7,4.5,0.383,0.9,2.3,0.364,0.9,2.2,0.403,0.477,0.5,0.6,0.821,0.4,2,2.4,1.4,0.6,0.1,0.7,1.4,4.9,,vujacsa01
299,Bryce Dejean-Jones,23,NOP,SG,14,11,19.9,2,4.9,0.406,0.9,2.3,0.375,1.1,2.6,0.432,0.493,0.8,1.5,0.524,0.6,2.9,3.4,1.1,0.7,0.1,0.8,1.2,5.6,,dejeabr01
307,Richard Jefferson,35,CLE,SF,74,5,17.9,1.9,4.2,0.458,0.9,2.3,0.382,1,1.9,0.554,0.564,0.8,1.2,0.667,0.2,1.5,1.7,0.8,0.4,0.2,0.6,1.7,5.5,,jefferi01
238,Luke Babbitt,26,NOP,SF,47,13,18,2.6,6.1,0.422,0.9,2.3,0.404,1.7,3.8,0.433,0.498,0.8,1.1,0.78,0.5,2.6,3.1,1.1,0.2,0.1,0.5,1.9,7,,babbilu01
272,Dante Cunningham,28,NOP,SF,80,46,24.6,2.3,5.2,0.451,0.7,2.2,0.316,1.6,3,0.55,0.518,0.7,1,0.695,0.7,2.2,3,1,0.5,0.4,0.5,2.2,6.1,,cunnida01
99,Ish Smith,27,2TM,PG,77,53,29.1,5.2,12.6,0.411,0.7,2.2,0.329,4.4,10.4,0.428,0.44,1.6,2.3,0.693,0.6,3.4,4,6.5,1.1,0.3,2.3,1.7,12.6,,smithis01
370,James Jones,35,CLE,SF,48,0,9.6,1.2,3,0.408,0.9,2.2,0.394,0.4,0.8,0.447,0.553,0.4,0.5,0.808,0.2,0.9,1,0.3,0.2,0.2,0.3,1,3.7,,jonesja02
352,Brandon Rush,30,GSW,SG,72,25,14.7,1.5,3.6,0.427,0.9,2.2,0.414,0.6,1.4,0.447,0.552,0.3,0.4,0.643,0.3,2.2,2.5,0.8,0.3,0.3,0.5,0.8,4.2,,rushbr01
333,Justin Holiday,26,CHI,SG,27,4,18.9,2.4,5.7,0.413,1,2.2,0.433,1.4,3.5,0.4,0.497,0.8,1,0.815,0.3,2,2.3,1.7,0.7,0.6,1,1.5,6.5,,holidju01
255,Josh Richardson,22,MIA,SG,52,2,21.3,2.4,5.2,0.452,1,2.2,0.461,1.3,3,0.446,0.55,0.8,1.2,0.667,0.4,1.7,2.1,1.4,0.7,0.5,0.7,2.1,6.6,,richajo01
198,Tony Wroten,22,PHI,PG,8,3,18,2.8,8.1,0.338,0.4,2.1,0.176,2.4,6,0.396,0.362,2.5,4.6,0.541,0.3,2.4,2.6,2.5,0.4,0,3.6,1.4,8.4,,wroteto01
126,Sean Kilpatrick,26,DEN,SG,8,0,10.3,1,2.6,0.381,0.5,2.1,0.235,0.5,0.5,1,0.476,0.9,1,0.875,0.3,0.5,0.8,0.4,0.3,0,0.5,0.9,3.4,,kilpase01
109,Markieff Morris,26,PHO,PF,37,24,24.8,4.6,11.6,0.397,0.6,2.1,0.289,4,9.6,0.42,0.422,1.8,2.5,0.717,1.2,4.1,5.2,2.4,0.9,0.5,2.4,2.8,11.6,,morrima02
395,Rashad Vaughn,19,MIL,SG,70,6,14.3,1.2,3.8,0.305,0.6,2.1,0.293,0.5,1.7,0.319,0.385,0.2,0.2,0.8,0.2,1.1,1.3,0.6,0.4,0.2,0.4,1,3.1,,vaughra01
165,Kevin Martin,32,SAS,SG,16,1,16.3,1.9,5.3,0.353,0.7,2.1,0.333,1.2,3.3,0.365,0.418,1.8,1.9,0.933,0.3,1.6,1.8,0.8,0.6,0.1,0.8,0.9,6.2,,martike02
318,Nemanja Bjelica,27,MIN,PF,60,0,17.9,1.8,3.9,0.468,0.8,2.1,0.384,1,1.8,0.564,0.57,0.7,0.9,0.727,0.8,2.7,3.5,1.4,0.4,0.4,0.8,2.6,5.1,,bjeline01
270,Mike Scott,27,ATL,PF,75,0,15.3,2.3,5,0.468,0.8,2.1,0.392,1.5,2.9,0.523,0.551,0.7,0.8,0.794,0.7,2,2.7,1,0.3,0.2,0.6,1.4,6.2,,scottmi01
186,Luis Scola,35,TOR,PF,76,76,21.5,3.5,7.9,0.45,0.9,2.1,0.404,2.7,5.8,0.467,0.504,0.8,1.1,0.726,1.1,3.6,4.7,0.9,0.6,0.4,0.9,2.3,8.7,,scolalu01
286,Markel Brown,24,BRK,SG,62,6,15.8,2,5.2,0.394,0.6,2,0.314,1.4,3.2,0.443,0.453,1.1,1.5,0.755,0.4,1.6,2,1.5,0.6,0.2,0.9,1.5,5.9,,brownma02
256,Kris Humphries,30,3TM,PF,53,17,15.8,2.3,5.6,0.41,0.6,2,0.315,1.6,3.5,0.465,0.468,1.3,1.6,0.798,1.1,3,4.1,0.7,0.3,0.4,0.7,1.8,6.5,,humphkr01
427,Steve Novak,32,MIL,PF,3,0,6.7,0.7,2,0.333,0.7,2,0.333,0,0,,0.5,0.3,0.3,1,0,0.3,0.3,0,0,0,0,0.7,2.3,,novakst01
333,Justin Holiday,26,2TM,SG,53,5,14.6,1.7,4.3,0.386,0.7,2,0.343,1,2.3,0.423,0.465,0.5,0.7,0.73,0.2,1.5,1.7,1.1,0.6,0.4,0.7,1.2,4.5,,holidju01
248,Andrew Nicholson,26,ORL,PF,56,0,14.7,2.6,5.5,0.471,0.7,2,0.36,1.9,3.5,0.536,0.537,0.9,1.2,0.785,0.6,3,3.6,0.4,0.2,0.4,0.7,1.2,6.9,,nichoan01
184,Tyler Johnson,23,MIA,SG,36,5,24,3.3,6.8,0.486,0.8,2,0.38,2.5,4.8,0.529,0.541,1.4,1.8,0.797,0.8,2.3,3,2.2,0.7,0.4,1.3,1.8,8.7,,johnsty01
288,Raul Neto,23,UTA,PG,81,53,18.5,2.2,5.2,0.431,0.8,2,0.395,1.4,3.2,0.453,0.507,0.6,0.9,0.743,0.2,1.3,1.5,2.1,0.8,0,1.3,1.5,5.9,,netora01
138,Ersan İlyasova,28,ORL,PF,22,4,20.3,2.9,7,0.418,0.8,2,0.409,2.1,5,0.422,0.477,1.5,2,0.711,2,3.5,5.5,0.5,0.6,0.3,0.5,2.3,8.1,,ilyaser01
88,Dahntay Jones,35,CLE,SF,1,0,42,6,14,0.429,1,2,0.5,5,12,0.417,0.464,0,0,,1,4,5,2,1,2,0,6,13,,jonesda02
160,Jerami Grant,21,PHI,PF,77,52,26.8,3.3,7.8,0.419,0.5,1.9,0.24,2.8,5.9,0.477,0.448,2.8,4.2,0.658,1.3,3.4,4.7,1.8,0.7,1.6,1.4,2.8,9.7,,grantje01
136,Shabazz Muhammad,23,MIN,SF,82,0,20.5,3.9,8.3,0.465,0.5,1.9,0.289,3.3,6.5,0.516,0.498,2.3,3,0.764,1.2,2,3.3,0.6,0.3,0.1,0.9,1.1,10.5,,muhamsh01
167,Derrick Williams,24,NYK,SF,80,9,17.9,3.2,7.1,0.45,0.6,1.9,0.293,2.6,5.2,0.506,0.488,2.4,3.2,0.758,0.6,3.1,3.7,0.9,0.4,0.1,0.8,0.9,9.3,,willide02
324,Cameron Payne,21,OKC,PG,57,1,12.2,2,4.9,0.41,0.6,1.9,0.324,1.4,2.9,0.467,0.475,0.3,0.4,0.792,0.2,1.3,1.5,1.9,0.6,0.1,0.8,1.4,5,,payneca01
378,Axel Toupane,23,DEN,SF,21,0,14.5,1.2,3.3,0.357,0.6,1.9,0.325,0.6,1.4,0.4,0.45,0.6,0.8,0.765,0.4,1.1,1.5,0.7,0.3,0.3,0.3,1.9,3.6,,toupaax01
373,Shabazz Napier,24,ORL,PG,55,0,10.9,1.2,3.7,0.338,0.6,1.9,0.327,0.6,1.8,0.351,0.423,0.6,0.8,0.733,0.2,0.8,1,1.8,0.4,0,0.8,0.7,3.7,,napiesh01
183,Gerald Henderson,28,POR,SG,72,0,19.9,3.2,7.3,0.439,0.7,1.9,0.353,2.6,5.5,0.468,0.484,1.6,2,0.767,0.4,2.5,2.9,1,0.5,0.3,0.9,1.2,8.7,,hendege02
316,Tim Frazier,25,NOP,PG,16,1,29.3,4.8,10.6,0.45,0.8,1.9,0.419,3.9,8.6,0.457,0.488,2.8,3.7,0.763,0.9,3.5,4.4,7.5,1.4,0.1,2.4,2.6,13.1,,fraziti01
140,Mario Chalmers,29,MIA,PG,6,0,20,1.7,5.3,0.313,0.2,1.8,0.091,1.5,3.5,0.429,0.328,2,2.2,0.923,0.2,2.2,2.3,3.2,1.3,0.2,1.5,2.7,5.5,,chalmma01
262,Maurice Harkless,22,POR,SF,78,14,18.7,2.5,5.3,0.474,0.5,1.8,0.279,2,3.5,0.576,0.522,0.9,1.4,0.622,1.3,2.3,3.6,0.9,0.6,0.4,0.8,1.6,6.4,,harklma01
409,Jared Cunningham,24,MIL,SG,4,0,13.8,1,3.5,0.286,0.5,1.8,0.286,0.5,1.8,0.286,0.357,1.5,1.8,0.857,0,2.3,2.3,0.3,0.5,0,0.8,1,4,,cunnija01
169,Aaron Gordon,20,ORL,PF,78,37,23.9,3.5,7.4,0.473,0.5,1.8,0.296,3,5.6,0.531,0.509,1.7,2.5,0.668,2,4.5,6.5,1.6,0.8,0.7,0.8,2,9.2,,gordoaa01
412,R.J. Hunter,22,BOS,SG,36,0,8.8,1,2.7,0.367,0.5,1.8,0.302,0.5,1,0.486,0.464,0.2,0.2,0.857,0.1,1,1,0.4,0.4,0.1,0.3,0.8,2.7,,hunterj01
278,Josh Smith,30,LAC,PF,32,1,14.3,2.2,5.6,0.383,0.6,1.8,0.31,1.6,3.8,0.418,0.433,0.8,1.3,0.595,1,2.9,3.9,1.3,0.6,1.1,1.3,1.9,5.7,,smithjo03
422,Jarell Eddie,24,WAS,SF,26,0,5.7,0.8,2.5,0.308,0.6,1.8,0.319,0.2,0.7,0.278,0.423,0.3,0.3,1,0.1,0.8,0.9,0.2,0.2,0,0,0.2,2.4,,eddieja01
7,Anthony Davis,22,NOP,C,61,61,35.5,9.2,18.6,0.493,0.6,1.8,0.324,8.6,16.9,0.511,0.508,5.3,7,0.758,2.1,8.1,10.3,1.9,1.3,2,2,2.4,24.3,DPOY-9AS,davisan02
294,Ty Lawson,28,HOU,PG,53,12,22.2,2.1,5.4,0.387,0.6,1.8,0.33,1.5,3.6,0.415,0.441,1.1,1.5,0.7,0.4,1.3,1.7,3.4,0.8,0.1,1.5,1.3,5.8,,lawsoty01
8,DeMar DeRozan,26,TOR,SG,78,78,35.9,7.9,17.7,0.446,0.6,1.8,0.338,7.3,15.9,0.458,0.463,7.1,8.4,0.85,0.8,3.7,4.5,4,1,0.3,2.2,2.1,23.5,AS,derozde01
281,Spencer Hawes,27,CHO,PF,57,6,18.2,2.2,5.4,0.405,0.7,1.8,0.373,1.5,3.6,0.422,0.467,0.9,1.1,0.831,0.9,3.4,4.3,1.9,0.4,0.5,1,1.9,6,,hawessp01
217,D.J. Augustin,28,OKC,PG,34,0,15.3,1.4,3.6,0.38,0.7,1.8,0.393,0.6,1.8,0.367,0.479,0.8,1,0.765,0.1,1.1,1.3,1.9,0.4,0.1,0.9,1.2,4.2,,augusdj01
201,Lance Thomas,27,NYK,PF,59,5,22.3,2.9,6.5,0.442,0.7,1.8,0.404,2.1,4.6,0.458,0.5,1.7,2,0.857,0.6,1.6,2.2,0.9,0.4,0.1,1,1.8,8.2,,thomala01
303,Norman Powell,22,TOR,SG,49,24,14.8,2,4.7,0.424,0.7,1.8,0.404,1.2,2.9,0.436,0.502,0.9,1.1,0.811,0.3,1.9,2.3,1,0.6,0.2,0.7,1.2,5.6,,powelno01
413,Justin Harper,26,DET,PF,5,0,7,0.8,2,0.4,0.8,1.8,0.444,0,0.2,0,0.6,0.2,0.4,0.5,0,0.2,0.2,0,0.2,0,0.4,0.6,2.6,,harpeju01
221,E'Twaun Moore,26,CHI,SG,59,22,21.4,3.2,6.6,0.481,0.8,1.8,0.452,2.4,4.8,0.491,0.541,0.4,0.6,0.629,0.3,1.9,2.3,1.7,0.6,0.3,0.9,1.7,7.5,,mooreet01
333,Justin Holiday,26,ATL,SG,26,1,10.1,0.9,2.8,0.329,0.4,1.7,0.222,0.5,1.1,0.5,0.397,0.2,0.4,0.5,0.2,0.9,1,0.4,0.5,0.2,0.5,0.8,2.4,,holidju01
176,Archie Goodwin,21,PHO,PG,57,13,19.5,3.1,7.4,0.417,0.4,1.7,0.232,2.7,5.7,0.474,0.444,2.3,3.4,0.674,0.5,2,2.5,2.1,0.5,0.2,1.8,1.5,8.9,,goodwar01
382,James Anderson,26,SAC,SG,51,15,14.1,1.3,3.5,0.376,0.5,1.7,0.267,0.9,1.8,0.478,0.441,0.4,0.6,0.759,0.3,1.4,1.7,0.8,0.4,0.3,0.8,1.1,3.5,,anderja01
218,Darrell Arthur,27,DEN,PF,70,16,21.7,3.2,7,0.452,0.6,1.7,0.385,2.5,5.3,0.473,0.498,0.6,0.8,0.755,1.2,3,4.2,1.4,0.8,0.7,0.9,2.6,7.5,,arthuda01
334,Jordan McRae,24,PHO,PG,7,0,11.7,1.6,3.7,0.423,0.4,1.6,0.273,1.1,2.1,0.533,0.481,1.7,2.1,0.8,0.3,0.9,1.1,1.4,0.4,0,0.9,1,5.3,,mcraejo01
420,Pablo Prigioni,38,LAC,PG,59,3,13.9,0.9,2.5,0.374,0.5,1.6,0.295,0.5,0.9,0.519,0.469,0.1,0.1,0.875,0.6,1.3,1.9,2.2,0.9,0,0.8,1.4,2.5,,prigipa01
185,Terrence Jones,24,HOU,PF,50,11,20.9,3.3,7.3,0.452,0.5,1.6,0.316,2.8,5.8,0.49,0.486,1.5,2.3,0.664,1.2,3,4.2,0.8,0.5,0.8,1,1.7,8.7,,joneste01
371,Kendall Marshall,24,PHI,PG,30,6,13.3,1.4,3.9,0.364,0.5,1.6,0.327,0.9,2.3,0.391,0.432,0.3,0.4,0.692,0.1,0.9,0.9,2.4,0.5,0.1,1.4,1,3.7,,marshke01
294,Ty Lawson,28,2TM,PG,66,13,21.4,2.1,5.4,0.393,0.5,1.6,0.333,1.6,3.7,0.419,0.444,0.9,1.3,0.686,0.4,1.4,1.8,3.6,0.8,0.1,1.4,1.3,5.7,,lawsoty01
263,Thabo Sefolosha,31,ATL,SF,75,11,23.4,2.5,5,0.505,0.6,1.6,0.341,1.9,3.3,0.586,0.562,0.8,1.3,0.626,0.7,3.8,4.5,1.4,1.1,0.5,0.9,1.5,6.4,,sefolth01
259,Leandro Barbosa,33,GSW,SG,68,0,15.9,2.5,5.4,0.462,0.6,1.6,0.355,1.9,3.8,0.508,0.515,0.8,0.9,0.839,0.4,1.3,1.7,1.2,0.6,0.1,0.8,1.6,6.4,,barbole01
193,Jon Leuer,26,PHO,PF,67,27,18.7,3.3,7,0.481,0.6,1.6,0.382,2.7,5.3,0.511,0.526,1.1,1.5,0.762,1.1,4.4,5.6,1.1,0.6,0.4,1.1,1.9,8.5,,leuerjo01
274,Trey Lyles,20,UTA,PF,80,33,17.3,2.4,5.5,0.438,0.6,1.6,0.383,1.8,3.9,0.461,0.494,0.7,1,0.695,0.7,3,3.7,0.7,0.3,0.2,0.8,1.4,6.1,,lylestr01
245,Donald Sloan,28,BRK,PG,61,33,21.6,2.5,5.7,0.44,0.6,1.6,0.384,1.9,4.1,0.462,0.494,1.3,1.7,0.75,0.3,2.6,2.8,4.4,0.5,0.1,1.3,1.2,7,,sloando01
296,Xavier Munford,23,MEM,SG,14,0,17.4,2.3,5.5,0.416,0.6,1.6,0.391,1.6,3.9,0.426,0.474,0.5,1,0.5,0.2,2,2.2,1.6,0.9,0.2,1.1,1.8,5.7,,munfoxa02
396,Kirk Hinrich,35,CHI,PG,35,7,15.9,1.3,3.4,0.398,0.7,1.6,0.411,0.7,1.8,0.387,0.496,0.4,0.5,0.938,0.2,1.5,1.7,1.7,0.4,0,0.8,1.8,3.8,,hinriki01
256,Kris Humphries,30,ATL,PF,21,0,14,2.2,4.8,0.465,0.4,1.5,0.258,1.9,3.3,0.557,0.505,1.5,2.1,0.711,1,2.4,3.4,0.6,0.5,0.3,0.7,2.1,6.4,,humphkr01
363,Justin Anderson,22,DAL,SF,55,9,11.8,1.3,3.2,0.406,0.4,1.5,0.265,0.9,1.7,0.533,0.469,0.8,1,0.8,0.3,2.1,2.4,0.5,0.3,0.5,0.4,0.8,3.8,,anderju01
264,Justise Winslow,19,MIA,SF,78,8,28.6,2.5,5.9,0.422,0.4,1.5,0.276,2.1,4.4,0.471,0.457,1,1.5,0.684,1,4.1,5.2,1.5,0.9,0.3,1.2,2.4,6.4,ROY-6,winslju01
435,Chris Copeland,31,MIL,PF,24,1,6.5,0.7,2.1,0.333,0.4,1.5,0.278,0.3,0.6,0.467,0.431,0.3,0.3,0.857,0,0.4,0.4,0.5,0.1,0,0.3,0.7,2.1,,copelch01
269,Donatas Motiejūnas,25,HOU,PF,37,22,14.8,2.4,5.5,0.439,0.4,1.5,0.281,2,4,0.5,0.478,0.9,1.4,0.642,1,1.9,2.9,1.1,0.5,0.1,1.2,1.9,6.2,,motiedo01
346,C.J. Watson,31,ORL,PG,33,2,19.9,1.4,4.2,0.343,0.4,1.5,0.292,1,2.7,0.371,0.394,1,1.2,0.872,0.3,1.7,2,2.7,0.6,0.2,0.8,1.5,4.3,,watsocj01
329,Andre Roberson,24,OKC,SG,70,70,22.2,1.9,3.9,0.496,0.5,1.5,0.311,1.5,2.4,0.608,0.555,0.5,0.8,0.611,1.1,2.5,3.6,0.7,0.8,0.6,0.5,1.9,4.8,,roberan03
430,Damjan Rudež,29,MIN,SF,33,0,8.4,0.8,1.9,0.403,0.5,1.5,0.34,0.2,0.4,0.667,0.54,0.2,0.2,1,0.2,0.5,0.6,0.3,0.1,0,0.4,1,2.3,,rudezda01
131,T.J. Warren,22,PHO,SF,47,4,22.8,4.7,9.4,0.501,0.6,1.5,0.4,4.1,7.9,0.52,0.533,1,1.4,0.703,1.2,1.9,3.1,0.9,0.8,0.3,0.7,2,11,,warretj01
353,John Jenkins,24,PHO,SG,22,2,13,1.9,4.1,0.467,0.6,1.5,0.406,1.3,2.6,0.5,0.539,0.5,0.7,0.8,0.2,1.4,1.6,1.2,0.2,0,0.7,0.5,5,,jenkijo01
427,Steve Novak,32,2TM,PF,10,0,4.4,0.8,1.8,0.444,0.7,1.5,0.467,0.1,0.3,0.333,0.639,0.1,0.1,1,0,0.5,0.5,0,0,0,0.1,0.3,2.4,,novakst01
411,Drew Gooden,34,WAS,PF,30,0,10.2,1.1,3.4,0.32,0.2,1.4,0.171,0.9,2.1,0.419,0.354,0.3,0.5,0.643,0.9,1.9,2.8,0.4,0.3,0.4,0.4,1.3,2.7,,goodedr01
367,Orlando Johnson,26,2TM,SG,7,1,14.4,1.3,4.9,0.265,0.3,1.4,0.2,1,3.4,0.292,0.294,0.9,1.1,0.75,0.6,1.6,2.1,0.3,0.4,0.4,0.6,1.3,3.7,,johnsor01
179,Rodney Stuckey,29,IND,PG,58,1,22,3.2,7.6,0.413,0.3,1.4,0.241,2.8,6.2,0.453,0.436,2.3,2.7,0.829,0.3,2.4,2.7,2.4,0.7,0.1,1.3,1.3,8.9,,stuckro01
428,Lamar Patterson,24,ATL,SG,35,0,11.3,0.8,2.3,0.35,0.3,1.4,0.245,0.5,0.9,0.516,0.425,0.5,0.6,0.727,0.1,1.3,1.4,1.1,0.3,0.1,0.7,1.3,2.4,,pattela01
43,Giannis Antetokounmpo,21,MIL,PG,80,79,35.3,6.4,12.7,0.506,0.4,1.4,0.257,6.1,11.3,0.537,0.52,3.7,5.1,0.724,1.4,6.2,7.7,4.3,1.2,1.4,2.6,3.2,16.9,,antetgi01
192,Cory Joseph,24,TOR,SG,80,4,25.6,3.2,7.3,0.439,0.4,1.4,0.273,2.8,5.9,0.478,0.465,1.7,2.2,0.764,0.5,2.1,2.6,3.1,0.8,0.3,1.3,1.6,8.5,,josepco01
400,Chris Johnson,25,UTA,SF,70,2,12.2,1,2.8,0.371,0.4,1.4,0.273,0.6,1.4,0.474,0.441,0.5,0.6,0.81,0.4,1.5,1.9,0.6,0.5,0.3,0.6,1.4,2.9,,johnsch04
354,Chase Budinger,27,IND,SF,49,2,14.9,1.7,4,0.418,0.4,1.4,0.29,1.2,2.6,0.488,0.469,0.7,1,0.708,0.6,1.8,2.5,1,0.6,0.2,0.6,0.9,4.4,,budinch01
350,Tyus Jones,19,MIN,PG,37,0,15.5,1.5,4.2,0.359,0.4,1.4,0.302,1.1,2.8,0.388,0.41,0.8,1.1,0.718,0.2,1.1,1.3,2.9,0.8,0.1,0.9,0.9,4.2,,jonesty01
387,Kyle Singler,27,OKC,SF,68,2,14.4,1.3,3.3,0.389,0.4,1.4,0.309,0.8,1.8,0.452,0.457,0.4,0.6,0.659,0.7,1.3,2.1,0.4,0.4,0.1,0.5,1.8,3.4,,singlky01
154,Ramon Sessions,29,WAS,PG,82,5,20.3,3.4,7.2,0.473,0.4,1.4,0.324,3,5.9,0.507,0.503,2.6,3.5,0.756,0.3,2.2,2.5,2.9,0.6,0.1,1.4,1.2,9.9,,sessira01
224,Shane Larkin,23,BRK,PG,78,17,22.4,2.8,6.4,0.442,0.5,1.4,0.361,2.3,5.1,0.464,0.481,1.1,1.4,0.776,0.4,1.9,2.3,4.4,1.2,0.2,1.9,1.6,7.3,,larkish01
330,Beno Udrih,33,MEM,PG,8,0,15,2.5,5.8,0.435,0.5,1.4,0.364,2,4.4,0.457,0.478,0.4,0.4,1,0.3,0.9,1.1,3.3,0.4,0.1,1.4,1.4,5.9,,udrihbe01
331,Chris McCullough,20,BRK,PF,24,4,15.1,1.8,4.5,0.404,0.5,1.4,0.382,1.3,3.1,0.413,0.463,0.5,1,0.478,1,1.8,2.8,0.4,1.2,0.5,0.6,1.6,4.7,,mcculch01
343,Jonas Jerebko,28,BOS,PF,78,0,15.1,1.5,3.7,0.413,0.6,1.4,0.398,1,2.3,0.421,0.488,0.8,1,0.782,1,2.7,3.7,0.8,0.3,0.3,0.7,1.8,4.4,,jerebjo01
390,Reggie Bullock,24,DET,SF,37,0,11.6,1.2,2.6,0.439,0.6,1.4,0.415,0.6,1.2,0.467,0.551,0.4,0.4,0.933,0.4,1.5,1.8,0.7,0.3,0.1,0.2,0.8,3.3,,bullore01
300,Jerian Grant,23,NYK,PG,76,6,16.6,2,5.1,0.394,0.3,1.3,0.22,1.7,3.8,0.454,0.422,1.3,1.6,0.78,0.3,1.6,1.9,2.3,0.7,0.1,1.1,1.3,5.6,,grantje02
421,Sonny Weems,29,PHI,SF,7,0,11.1,1,3,0.333,0.3,1.3,0.222,0.7,1.7,0.417,0.381,0.1,0.3,0.5,0.1,1.6,1.7,0.3,0,0,0.6,1,2.4,,weemsso01
354,Chase Budinger,27,2TM,SF,66,2,14.1,1.6,3.6,0.435,0.4,1.3,0.279,1.2,2.3,0.523,0.485,0.6,0.8,0.696,0.7,1.6,2.3,1,0.5,0.2,0.7,0.9,4.1,,budinch01
143,Jared Sullinger,23,BOS,PF,81,73,23.6,4.3,10,0.435,0.4,1.3,0.282,4,8.7,0.458,0.453,1.3,2,0.64,2.4,5.9,8.3,2.3,0.9,0.6,1.3,2.6,10.3,,sullija01
374,Kelly Oubre Jr.,20,WAS,SF,63,9,10.7,1.4,3.3,0.427,0.4,1.3,0.316,1,2.1,0.492,0.486,0.5,0.8,0.633,0.4,1.7,2.1,0.2,0.3,0.1,0.5,1.6,3.7,,oubreke01
348,Solomon Hill,24,IND,SF,59,3,14.7,1.6,3.5,0.447,0.4,1.3,0.324,1.2,2.3,0.515,0.505,0.6,0.7,0.857,0.7,2.2,2.8,1,0.6,0.2,0.6,1.2,4.2,,hillso01
133,Elfrid Payton,21,ORL,PG,73,69,29.4,4.4,10,0.436,0.4,1.3,0.326,3.9,8.7,0.451,0.456,1.5,2.6,0.589,1.1,2.5,3.6,6.4,1.2,0.3,2.4,2.2,10.7,,paytoel01
375,Ian Clark,24,GSW,SG,66,1,8.8,1.3,3.1,0.441,0.5,1.3,0.357,0.9,1.8,0.5,0.515,0.4,0.5,0.824,0.2,0.8,1,1,0.3,0.2,0.7,0.9,3.6,,clarkia01
360,Darrun Hilliard,22,DET,SG,38,2,10.1,1.4,3.4,0.397,0.5,1.3,0.38,0.9,2.1,0.407,0.469,0.8,1.1,0.725,0.1,1.1,1.2,0.7,0.2,0,0.5,0.7,4,,hillida01
396,Kirk Hinrich,35,2TM,PG,46,7,13.7,1.1,2.8,0.38,0.5,1.3,0.387,0.5,1.5,0.373,0.473,0.3,0.3,0.938,0.2,1.3,1.5,1.6,0.3,0,0.7,1.4,3,,hinriki01
427,Steve Novak,32,OKC,PF,7,0,3.4,0.9,1.7,0.5,0.7,1.3,0.556,0.1,0.4,0.333,0.708,0,0,,0,0.6,0.6,0,0,0,0.1,0.1,2.4,,novakst01
473,Bruno Caboclo,20,TOR,SF,6,1,7.2,0.2,2,0.083,0.2,1.2,0.143,0,0.8,0,0.125,0,0,,0.2,0.2,0.3,0.2,0.3,0.2,0.7,0.3,0.5,,cabocbr01
377,Josh McRoberts,28,MIA,PF,42,1,14.2,1.3,3.5,0.372,0.3,1.2,0.245,1,2.4,0.434,0.412,0.7,1,0.7,0.5,2,2.5,1.9,0.4,0.2,0.7,1.6,3.6,,mcrobjo01
338,Marcelo Huertas,32,LAL,PG,53,0,16.4,1.8,4.3,0.422,0.3,1.2,0.262,1.5,3.2,0.479,0.457,0.5,0.5,0.931,0.3,1.4,1.7,3.4,0.5,0.1,1.5,1.4,4.5,,huertma01
99,Ish Smith,27,NOP,PG,27,3,22.9,3.6,8.4,0.43,0.4,1.2,0.303,3.3,7.2,0.451,0.452,1.2,1.6,0.767,0.5,2.9,3.4,5.7,0.9,0.2,1.7,1.4,8.9,,smithis01
323,James Johnson,28,TOR,PF,57,32,16.2,2,4.2,0.475,0.4,1.2,0.303,1.6,3.1,0.54,0.517,0.7,1.2,0.574,0.5,1.7,2.2,1.2,0.5,0.6,0.9,1.5,5,,johnsja01
414,Kostas Papanikolaou,25,DEN,SF,26,6,11.3,0.9,2.5,0.364,0.4,1.2,0.313,0.5,1.3,0.412,0.439,0.3,0.5,0.643,0.3,1.2,1.5,0.6,0.5,0.2,0.8,0.9,2.6,,papanko01
353,John Jenkins,24,2TM,SG,43,3,11.2,1.7,3.7,0.444,0.4,1.2,0.314,1.3,2.5,0.505,0.494,0.5,0.6,0.833,0.2,1.1,1.3,0.8,0.2,0,0.6,0.5,4.1,,jenkijo01
199,Lance Stephenson,25,MEM,SF,26,3,26.6,5.6,11.8,0.474,0.4,1.2,0.355,5.2,10.7,0.487,0.492,2.5,3.1,0.815,0.8,3.6,4.4,2.8,0.7,0.2,1.8,2.2,14.2,,stephla01
406,Josh Huestis,24,OKC,PF,5,0,11,1,2.4,0.417,0.8,1.2,0.667,0.2,1.2,0.167,0.583,0,0.8,0,0.4,1.6,2,0,0.2,0.4,0.6,0.6,2.8,,huestjo01
405,Andrew Goudelock,27,HOU,PG,8,0,6.3,1.1,2.5,0.45,0.1,1.1,0.111,1,1.4,0.727,0.475,0.4,0.5,0.75,0.1,0.1,0.3,0.5,0.8,0.3,0.9,0.5,2.8,,goudean01
188,Shelvin Mack,25,ATL,PG,24,0,7.5,1.7,4,0.421,0.2,1.1,0.148,1.5,2.8,0.529,0.442,0.4,0.5,0.75,0.1,0.8,0.9,1.6,0.3,0,0.6,0.3,3.9,,macksh01
369,Caron Butler,35,SAC,SF,17,1,10.4,1.5,3.5,0.424,0.2,1.1,0.167,1.3,2.4,0.537,0.449,0.6,0.7,0.833,0.3,1,1.3,0.6,0.5,0.1,0.2,1.1,3.7,,butleca01
366,Joe Young,23,IND,PG,41,0,9.4,1.5,4.1,0.367,0.2,1.1,0.217,1.3,3,0.423,0.396,0.5,0.6,0.8,0.1,1.1,1.2,1.6,0.4,0,0.8,0.7,3.8,,youngjo01
436,Devyn Marble,23,ORL,SG,28,0,8.9,0.8,2.5,0.296,0.3,1.1,0.25,0.5,1.4,0.333,0.352,0.4,0.9,0.417,0.2,1.1,1.4,0.4,0.5,0,0.3,0.9,2.1,,marblde01
317,JaKarr Sampson,22,DEN,SF,26,22,18,2.1,4.4,0.47,0.3,1.1,0.276,1.8,3.3,0.535,0.504,0.7,1,0.72,0.6,1.7,2.3,0.6,0.5,0.7,0.7,2,5.2,,sampsja02
410,Rasual Butler,36,SAS,SF,46,0,9.4,1.1,2.3,0.471,0.3,1.1,0.306,0.7,1.2,0.618,0.543,0.2,0.3,0.688,0.1,1.2,1.2,0.5,0.3,0.5,0.2,0.2,2.7,,butlera01
150,Nikola Jokić,20,DEN,C,80,55,21.7,3.8,7.5,0.512,0.4,1.1,0.333,3.5,6.5,0.541,0.535,1.9,2.4,0.811,2.3,4.7,7,2.4,1,0.6,1.3,2.6,10,ROY-3,jokicni01
33,Karl-Anthony Towns,20,MIN,C,82,82,32,7.6,14.1,0.542,0.4,1.1,0.341,7.3,13,0.559,0.555,2.7,3.4,0.811,2.8,7.7,10.5,2,0.7,1.7,2.2,3,18.3,ROY-1,townska01
275,T.J. McConnell,23,PHI,PG,81,17,19.8,2.7,5.7,0.47,0.4,1.1,0.348,2.3,4.6,0.499,0.503,0.3,0.5,0.634,0.5,2.6,3.1,4.5,1.2,0.1,1.7,1.4,6.1,,mccontj01
294,Ty Lawson,28,IND,PG,13,1,18.1,2.2,5.2,0.418,0.4,1.1,0.357,1.8,4.1,0.434,0.455,0.2,0.5,0.5,0.5,1.9,2.4,4.4,0.8,0.1,1,1.2,4.9,,lawsoty01
460,Mike Miller,35,DEN,SF,47,2,7.9,0.5,1.3,0.355,0.4,1.1,0.365,0.1,0.2,0.3,0.508,0,0,,0.1,1,1.1,0.9,0.3,0.1,0.4,1.1,1.3,,millemi01
199,Lance Stephenson,25,2TM,SF,69,13,19.9,3.3,6.9,0.481,0.4,1.1,0.385,2.9,5.7,0.5,0.513,1.3,1.6,0.784,0.6,2.7,3.2,1.9,0.6,0.1,1.4,2,8.3,,stephla01
199,Lance Stephenson,25,LAC,SF,43,10,15.8,1.9,3.9,0.494,0.4,1.1,0.404,1.5,2.8,0.529,0.551,0.5,0.7,0.7,0.4,2.1,2.5,1.4,0.6,0.1,1.1,1.8,4.7,,stephla01
416,Matt Bonner,35,SAS,C,30,2,6.9,1,1.9,0.509,0.5,1.1,0.441,0.5,0.8,0.609,0.64,0.1,0.1,0.75,0.1,0.8,0.9,0.3,0.2,0,0.1,0.5,2.5,,bonnema01
465,Bryce Cotton,23,PHO,PG,3,0,11,0.7,2.7,0.25,0,1,0,0.7,1.7,0.4,0.25,0,0,,0,0,0,1,1,0,1.7,0.7,1.3,,cottobr01
417,Lorenzo Brown,25,PHO,PG,8,0,7.6,1,3.1,0.32,0.1,1,0.125,0.9,2.1,0.412,0.34,0.4,0.5,0.75,0,0.9,0.9,1.4,0.4,0.1,1.1,0.5,2.5,,brownlo01
351,Ryan Kelly,24,LAL,PF,36,0,13.1,1.5,4.1,0.369,0.1,1,0.135,1.4,3.1,0.446,0.386,1,1.5,0.685,0.6,2.8,3.4,0.6,0.4,0.3,0.5,1.1,4.2,,kellyry01
367,Orlando Johnson,26,NOP,SG,5,1,10.8,0.8,3.4,0.235,0.2,1,0.2,0.6,2.4,0.25,0.265,0.2,0.4,0.5,0.2,1,1.2,0.4,0.2,0,0.6,0.8,2,,johnsor01
354,Chase Budinger,27,PHO,SF,17,0,11.8,1.4,2.6,0.511,0.2,1,0.235,1.1,1.6,0.679,0.556,0.3,0.5,0.625,0.7,1,1.7,0.9,0.2,0.1,0.8,0.9,3.2,,budinch01
137,Evan Turner,27,BOS,SG,81,12,28,4.2,9.3,0.456,0.2,1,0.241,4,8.3,0.482,0.469,1.8,2.2,0.827,0.6,4.3,4.9,4.4,1,0.3,2.1,1.7,10.5,6MOY-5,turneev01
122,Michael Carter-Williams,24,MIL,PG,54,37,30.5,4.6,10.3,0.452,0.3,1,0.273,4.4,9.3,0.472,0.466,2,3,0.654,0.9,4.2,5.1,5.2,1.5,0.8,2.8,3,11.5,,cartemi01
330,Beno Udrih,33,2TM,PG,44,5,16.1,2,4.5,0.434,0.3,1,0.341,1.6,3.5,0.461,0.472,0.4,0.5,0.9,0.2,1.5,1.6,2.6,0.3,0,1.2,1.2,4.7,,udrihbe01
46,Pau Gasol,35,CHI,C,72,72,31.8,6.5,13.8,0.469,0.3,1,0.348,6.2,12.9,0.478,0.481,3.2,4,0.792,2.2,8.9,11,4.1,0.6,2,2.3,2.1,16.5,AS,gasolpa01
388,Ray McCallum,24,2TM,PG,41,6,11.6,1.3,3.6,0.377,0.4,1,0.357,1,2.5,0.385,0.428,0.3,0.4,0.8,0.2,1,1.1,1.5,0.3,0.2,0.6,0.7,3.3,,mccalra01
421,Sonny Weems,29,2TM,SF,43,0,11.6,1,2.6,0.382,0.3,1,0.366,0.6,1.6,0.391,0.45,0.2,0.3,0.533,0.2,1.1,1.2,1.1,0.2,0,1,1.1,2.5,,weemsso01
399,C.J. Wilcox,25,LAC,SG,23,0,7.3,1.1,2.9,0.394,0.4,1,0.391,0.7,1.9,0.395,0.462,0.4,0.5,0.75,0,0.5,0.5,0.4,0.4,0.1,0.1,0.7,3,,wilcocj01
98,Michael Kidd-Gilchrist,22,CHO,SF,7,7,29.3,4.7,8.7,0.541,0.4,1,0.429,4.3,7.7,0.556,0.566,2.9,4.1,0.69,1.7,4.7,6.4,1.3,0.4,0.4,1.1,1.3,12.7,,kiddgmi01
334,Jordan McRae,24,2TM,PG,22,1,8.9,1.5,3.5,0.436,0.5,1,0.455,1.1,2.5,0.429,0.5,1,1.3,0.75,0.2,0.7,0.9,1.1,0.1,0,0.7,0.8,4.5,,mcraejo01
353,John Jenkins,24,DAL,SG,21,1,9.2,1.4,3.3,0.414,0.1,0.9,0.158,1.2,2.4,0.51,0.436,0.4,0.4,0.889,0.2,0.9,1,0.4,0.1,0,0.5,0.5,3.3,,jenkijo01
301,Richaun Holmes,22,PHI,PF,51,1,13.8,2.2,4.4,0.514,0.2,0.9,0.182,2.1,3.5,0.596,0.532,1,1.5,0.689,1.2,1.4,2.6,0.6,0.4,0.8,0.6,1.8,5.6,,holmeri01
317,JaKarr Sampson,22,2TM,SF,73,40,15.9,1.9,4.3,0.442,0.2,0.9,0.222,1.7,3.5,0.496,0.464,1.1,1.7,0.656,0.6,2,2.6,0.6,0.3,0.5,1,1.9,5.1,,sampsja02
467,James Young,20,BOS,SG,29,0,6.9,0.4,1.2,0.306,0.2,0.9,0.231,0.2,0.3,0.5,0.389,0,0.1,0.25,0.1,0.8,0.9,0.3,0.2,0,0.2,0.6,1,,youngja01
207,Joffrey Lauvergne,24,DEN,C,59,15,17.6,3.3,6.4,0.513,0.2,0.9,0.245,3.1,5.5,0.557,0.53,1.1,1.2,0.899,1.3,3.6,4.9,0.9,0.2,0.3,0.9,1.9,7.9,,lauvejo01
443,Cleanthony Early,24,NYK,SF,17,2,9.1,0.7,2.4,0.3,0.2,0.9,0.267,0.5,1.5,0.32,0.35,0.2,0.2,0.75,0.2,1.3,1.5,0.4,0.1,0.2,0.5,0.9,1.8,,earlycl01
425,Sergey Karasev,22,BRK,SF,40,5,10,0.8,1.9,0.405,0.3,0.9,0.297,0.5,0.9,0.514,0.48,0.7,0.7,0.929,0.2,1.3,1.5,0.9,0.2,0.1,0.6,0.7,2.4,,karasse01
389,Phil Pressey,24,PHI,PG,14,0,12.1,1.5,3.9,0.382,0.3,0.9,0.308,1.2,3,0.405,0.418,0.6,1.3,0.5,0,1.6,1.6,3.3,0.8,0.1,1.4,1,3.9,,pressph01
409,Jared Cunningham,24,2TM,SG,44,3,9.3,0.8,2.4,0.343,0.3,0.9,0.308,0.5,1.5,0.364,0.4,0.8,1.3,0.655,0.1,0.8,0.9,0.5,0.3,0,0.5,0.9,2.7,,cunnija01
316,Tim Frazier,25,2TM,PG,51,2,14.5,1.9,4.5,0.419,0.3,0.9,0.333,1.6,3.5,0.442,0.454,1,1.5,0.716,0.5,1.6,2.2,3.2,0.6,0,1.3,1.4,5.1,,fraziti01
330,Beno Udrih,33,MIA,PG,36,5,16.3,1.8,4.2,0.434,0.3,0.9,0.333,1.5,3.3,0.462,0.47,0.4,0.5,0.882,0.2,1.6,1.8,2.5,0.3,0,1.2,1.1,4.4,,udrihbe01
356,Brian Roberts,30,CHO,PG,30,0,11.1,1.7,3.8,0.443,0.3,0.9,0.333,1.4,2.9,0.477,0.483,1.1,1.2,0.919,0.1,0.8,1,1.3,0.2,0,0.5,0.8,4.8,,roberbr01
260,Boris Diaw,33,SAS,PF,76,4,18.2,2.7,5,0.527,0.3,0.9,0.362,2.3,4.1,0.564,0.56,0.7,1,0.737,0.8,2.3,3.1,2.3,0.3,0.3,1.3,1.3,6.4,6MOY-12,diawbo01
282,Jonathon Simmons,26,SAS,SG,55,2,14.8,2.2,4.4,0.504,0.3,0.9,0.383,1.9,3.5,0.533,0.541,1.3,1.7,0.75,0.3,1.5,1.7,1.1,0.4,0.1,1,1.9,6,,simmojo02
236,Marreese Speights,28,GSW,C,72,0,11.6,2.7,6.3,0.432,0.3,0.9,0.387,2.4,5.5,0.439,0.458,1.3,1.6,0.825,1.1,2.3,3.3,0.8,0.3,0.5,0.9,1.6,7.1,,speigma01
421,Sonny Weems,29,PHO,SG,36,0,11.7,1,2.5,0.393,0.4,0.9,0.406,0.6,1.6,0.386,0.466,0.2,0.4,0.538,0.2,1,1.1,1.3,0.3,0,1,1.1,2.5,,weemsso01
111,Tony Parker,33,SAS,PG,72,72,27.5,4.9,9.9,0.493,0.4,0.9,0.415,4.5,9,0.501,0.512,1.8,2.4,0.76,0.2,2.2,2.4,5.3,0.8,0.2,1.8,1.6,11.9,,parketo01
340,Briante Weber,23,MEM,PG,6,4,27.7,2.2,6.3,0.342,0,0.8,0,2.2,5.5,0.394,0.342,0.5,0.7,0.75,1.3,2.7,4,3.3,1.5,0.5,1.5,1.8,4.8,,weberbr01
327,Spencer Dinwiddie,22,DET,PG,12,0,13.3,1.6,4.5,0.352,0.1,0.8,0.1,1.5,3.7,0.409,0.361,1.6,2.8,0.576,0.3,1.1,1.4,1.8,0.3,0,0.6,1.7,4.8,,dinwisp01
462,Luis Montero,22,POR,SG,12,0,3.5,0.4,1.6,0.263,0.1,0.8,0.111,0.3,0.8,0.4,0.289,0.3,0.3,0.75,0,0.3,0.3,0.1,0,0,0.3,0.1,1.2,,montelu01
389,Phil Pressey,24,2TM,PG,23,0,12.3,1.3,3.4,0.385,0.2,0.8,0.222,1.1,2.6,0.433,0.41,0.6,1.1,0.52,0.1,1.2,1.3,3.3,0.8,0.2,1.4,1.2,3.3,,pressph01
228,James Ennis III,25,MEM,SF,10,0,4,0.4,1.3,0.308,0.2,0.8,0.25,0.2,0.5,0.4,0.385,0.6,1,0.6,0.4,0.3,0.7,0.2,0.4,0.2,0.2,0.1,1.6,,ennisja01
452,Elliot Williams,26,MEM,PG,5,0,9,0.4,2,0.2,0.2,0.8,0.25,0.2,1.2,0.167,0.25,0.6,0.8,0.75,0.2,0.6,0.8,0.8,0,0,0.2,0.4,1.6,,williel01
472,Joe Harris,24,CLE,SG,5,0,3,0.2,0.8,0.25,0.2,0.8,0.25,0,0,,0.375,0,0,,0,0.6,0.6,0.4,0,0,0.2,0.2,0.6,,harrijo01
337,Alonzo Gee,28,NOP,SF,73,38,22.4,1.8,3.5,0.518,0.2,0.8,0.283,1.6,2.7,0.59,0.551,0.6,0.9,0.667,0.8,2.5,3.4,1,0.9,0.2,0.8,2.3,4.5,,geeal01
244,Bobby Portis,20,CHI,PF,62,4,17.8,3,7,0.427,0.3,0.8,0.308,2.7,6.2,0.443,0.445,0.8,1.1,0.727,2,3.5,5.4,0.8,0.4,0.4,0.9,1.6,7,,portibo01
409,Jared Cunningham,24,CLE,SG,40,3,8.9,0.8,2.3,0.352,0.3,0.8,0.313,0.6,1.5,0.373,0.407,0.8,1.2,0.625,0.1,0.7,0.7,0.5,0.3,0.1,0.5,0.9,2.6,,cunnija01
336,Tyler Ennis,21,MIL,PG,46,7,14.2,1.8,4.1,0.449,0.3,0.8,0.333,1.5,3.2,0.48,0.484,0.5,0.7,0.735,0.3,1.3,1.6,2.1,0.5,0,1,1.4,4.5,,ennisty01
393,Jason Thompson,29,TOR,C,19,6,15.4,1.7,3.5,0.485,0.3,0.8,0.333,1.4,2.7,0.529,0.523,0.9,1.2,0.818,1.2,3.1,4.2,0.5,0.4,0.6,0.4,2.1,4.6,,thompja02
356,Brian Roberts,30,2TM,PG,51,0,9.2,1.5,3.2,0.448,0.3,0.8,0.357,1.2,2.4,0.48,0.494,0.8,0.9,0.894,0.1,0.7,0.8,1.1,0.2,0,0.5,0.7,4,,roberbr01
364,Glenn Robinson III,22,IND,SF,45,4,11.3,1.4,3.4,0.43,0.3,0.8,0.378,1.1,2.5,0.447,0.477,0.6,0.9,0.692,0.3,1.2,1.5,0.6,0.4,0.2,0.4,0.5,3.8,,robingl02
315,Quincy Acy,25,SAC,PF,59,29,14.8,2,3.6,0.556,0.3,0.8,0.388,1.7,2.8,0.606,0.6,0.8,1.2,0.735,1.1,2.1,3.2,0.5,0.5,0.4,0.5,1.7,5.2,,acyqu01
340,Briante Weber,23,2TM,PG,7,4,24.1,2,5.6,0.359,0,0.7,0,2,4.9,0.412,0.359,0.4,0.6,0.75,1.1,2.4,3.6,3,1.3,0.4,1.3,1.7,4.4,,weberbr01
317,JaKarr Sampson,22,PHI,SF,47,18,14.7,1.8,4.3,0.426,0.1,0.7,0.176,1.7,3.6,0.476,0.441,1.3,2.1,0.639,0.6,2.1,2.7,0.6,0.2,0.3,1.1,1.9,5.1,,sampsja02
454,Anthony Bennett,22,TOR,PF,19,0,4.4,0.4,1.4,0.296,0.2,0.7,0.214,0.3,0.7,0.385,0.352,0.5,0.5,0.9,0.3,0.9,1.2,0,0.3,0,0.2,0.4,1.5,,bennean01
448,Terry Rozier,21,BOS,PG,39,0,8,0.7,2.7,0.274,0.2,0.7,0.222,0.6,2,0.291,0.302,0.2,0.3,0.8,0.6,1,1.6,0.9,0.2,0,0.5,0.6,1.8,,roziete01
445,Damien Inglis,20,MIL,SF,20,1,7.8,0.7,1.9,0.351,0.2,0.7,0.231,0.5,1.2,0.417,0.392,0.4,0.4,0.875,0.1,1.5,1.6,0.5,0.3,0.2,0.6,0.6,1.8,,inglida01
456,Erick Green,24,UTA,PG,6,0,5.8,0.8,2,0.417,0.2,0.7,0.25,0.7,1.3,0.5,0.458,0.3,0.3,1,0.5,0.3,0.8,0.3,0.2,0,0,0.7,2.2,,greener01
426,K.J. McDaniels,22,HOU,SF,37,1,6.4,0.8,1.9,0.403,0.2,0.7,0.28,0.6,1.3,0.468,0.451,0.6,0.8,0.8,0.4,0.7,1.1,0.3,0.2,0.2,0.5,0.8,2.4,,mcdankj01
391,Mike Muscala,24,ATL,C,60,0,9.4,1.3,2.5,0.5,0.2,0.7,0.308,1.1,1.9,0.566,0.539,0.5,0.7,0.795,0.6,1.3,2,0.6,0.2,0.5,0.5,1.2,3.3,,muscami01
196,Tony Allen,34,MEM,SG,64,57,25.3,3.4,7.3,0.458,0.2,0.7,0.357,3.1,6.7,0.468,0.474,1.4,2.2,0.652,1.6,3,4.6,1.1,1.7,0.3,1.2,2.7,8.4,DPOY-8DEF2,allento01
356,Brian Roberts,30,POR,PG,21,0,6.5,1.1,2.4,0.46,0.3,0.7,0.4,0.8,1.7,0.486,0.52,0.4,0.5,0.8,0.1,0.5,0.6,0.8,0.1,0,0.3,0.6,2.9,,roberbr01
361,Chris Andersen,37,MIA,C,7,1,5.1,0.6,1.4,0.4,0.3,0.7,0.4,0.3,0.7,0.4,0.5,0.4,0.6,0.75,0.4,0.9,1.3,0.4,0.1,0.4,0.3,0.6,1.9,,anderch01
334,Jordan McRae,24,CLE,PG,15,1,7.5,1.5,3.5,0.442,0.5,0.7,0.636,1.1,2.7,0.39,0.51,0.6,0.9,0.692,0.1,0.7,0.8,1,0,0.1,0.6,0.7,4.1,,mcraejo01
437,Coty Clarke,23,BOS,SF,3,0,2,0.7,1.3,0.5,0.7,0.7,1,0,0.7,0,0.75,0,0,,0,0.3,0.3,0,0,0,0.3,0,2,,clarkco01
389,Phil Pressey,24,PHO,PG,9,0,12.6,1,2.6,0.391,0,0.6,0,1,2,0.5,0.391,0.4,0.8,0.571,0.3,0.6,0.9,3.2,0.8,0.3,1.6,1.6,2.4,,pressph01
461,Keith Appling,23,ORL,PG,5,0,5.4,0.4,1.6,0.25,0,0.6,0,0.4,1,0.4,0.25,0.4,0.4,1,0,0.2,0.2,0.2,0.2,0,0.6,1,1.2,,applike01
447,Elijah Millsap,28,UTA,SG,20,0,8.7,0.6,2,0.282,0.1,0.6,0.083,0.5,1.4,0.37,0.295,0.7,0.9,0.722,0.3,1.5,1.8,1,0.4,0.2,0.5,1.7,1.8,,millsel01
30,Dwyane Wade,34,MIA,SG,74,73,30.5,7.3,16,0.456,0.1,0.6,0.159,7.2,15.4,0.468,0.459,4.4,5.5,0.793,1.1,3,4.1,4.6,1.1,0.6,2.7,1.6,19,AS,wadedw01
456,Erick Green,24,2TM,PG,9,0,4.7,0.6,1.4,0.385,0.1,0.6,0.2,0.4,0.9,0.5,0.423,0.2,0.2,1,0.3,0.3,0.7,0.3,0.1,0,0,0.4,1.4,,greener01
463,Pat Connaughton,23,POR,SG,34,0,4.2,0.4,1.4,0.265,0.1,0.6,0.238,0.2,0.8,0.286,0.316,0.1,0.1,1,0.3,0.6,0.9,0.3,0.1,0,0.3,0.2,1.1,,connapa01
379,Noah Vonleh,20,POR,PF,78,56,15.1,1.5,3.6,0.421,0.1,0.6,0.239,1.4,3,0.457,0.441,0.5,0.7,0.745,1.2,2.7,3.9,0.4,0.3,0.3,0.6,1.9,3.6,,vonleno01
418,Adreian Payne,24,MIN,PF,52,2,9.3,1,2.8,0.366,0.2,0.6,0.281,0.8,2.2,0.389,0.397,0.3,0.5,0.654,0.4,1.8,2.1,0.6,0.3,0.2,0.7,1.5,2.5,,paynead01
222,JaMychal Green,25,MEM,PF,78,15,18.5,2.9,6.3,0.465,0.2,0.6,0.333,2.8,5.8,0.478,0.48,1.3,1.8,0.752,1.8,3,4.8,0.9,0.6,0.4,1.1,2.4,7.4,,greenja01
380,Christian Wood,20,PHI,PF,17,0,8.5,1.3,3.1,0.415,0.2,0.6,0.364,1.1,2.5,0.429,0.453,0.8,1.2,0.619,0.8,1.5,2.2,0.2,0.3,0.4,0.1,0.6,3.6,,woodch01
381,Jordan Adams,21,MEM,SG,2,0,7.5,1,3,0.333,0,0.5,0,1,2.5,0.4,0.333,1.5,2.5,0.6,0,1,1,1.5,1.5,0,1,1,3.5,,adamsjo01
397,Thanasis Antetokounmpo,23,NYK,SF,2,0,3,1.5,2,0.75,0,0.5,0,1.5,1.5,1,0.75,0,0,,0,0.5,0.5,0,0,0,0,1,3,,antetth01
476,Nate Robinson,31,NOP,PG,2,1,11.5,0,0.5,0,0,0.5,0,0,0,,0,0,0,,0,0,0,2,0.5,0,0,2.5,0,,robinna01
396,Kirk Hinrich,35,ATL,PG,11,0,6.9,0.2,1,0.182,0.1,0.5,0.167,0.1,0.5,0.2,0.227,0,0,,0.1,1,1.1,1.3,0.2,0.1,0.3,0.1,0.5,,hinriki01
316,Tim Frazier,25,POR,PG,35,1,7.8,0.6,1.7,0.333,0.1,0.5,0.176,0.5,1.2,0.395,0.358,0.2,0.4,0.533,0.3,0.8,1.1,1.2,0.3,0,0.8,0.9,1.5,,fraziti01
361,Chris Andersen,37,MEM,C,20,14,18.3,1.7,3.1,0.548,0.1,0.5,0.222,1.6,2.7,0.604,0.565,1.1,1.6,0.688,1.7,2.8,4.5,0.5,0.7,0.5,0.4,1.3,4.6,,anderch01
223,Amir Johnson,28,BOS,PF,79,76,22.8,3.2,5.4,0.585,0.1,0.5,0.233,3,4.8,0.624,0.596,0.9,1.5,0.57,2.3,4.1,6.4,1.7,0.7,1.1,1.2,2.7,7.3,,johnsam01
423,Jeremy Evans,28,DAL,SF,30,2,8.4,0.9,1.6,0.542,0.1,0.5,0.25,0.7,1.1,0.688,0.583,0.5,0.7,0.714,0.4,1.4,1.8,0.1,0.2,0.3,0.2,0.6,2.4,,evansje01
76,Jabari Parker,20,MIL,PF,76,72,31.7,5.8,11.8,0.493,0.1,0.5,0.257,5.7,11.4,0.502,0.498,2.3,3,0.768,1.6,3.6,5.2,1.7,0.9,0.4,1.5,2,14.1,,parkeja01
290,Rondae Hollis-Jefferson,21,BRK,SF,29,17,21.2,2.2,4.8,0.457,0.1,0.5,0.286,2,4.3,0.476,0.471,1.3,1.8,0.712,1.3,4,5.3,1.5,1.3,0.6,0.9,2.1,5.8,,holliro01
361,Chris Andersen,37,2TM,C,27,15,14.9,1.4,2.7,0.528,0.1,0.5,0.286,1.3,2.1,0.586,0.556,0.9,1.3,0.694,1.3,2.3,3.6,0.4,0.6,0.5,0.3,1.1,3.9,,anderch01
285,Trevor Booker,28,UTA,PF,79,2,20.7,2.4,4.9,0.49,0.2,0.5,0.293,2.3,4.4,0.513,0.505,0.9,1.3,0.67,2.1,3.6,5.7,1.1,0.7,0.5,1,2.1,5.9,,booketr01
469,Aaron Harrison,21,CHO,SG,21,0,4.4,0.2,0.9,0.263,0.1,0.5,0.3,0.1,0.4,0.222,0.342,0.2,0.6,0.417,0.2,0.5,0.7,0.1,0.3,0,0.2,0.5,0.9,,harriaa01
388,Ray McCallum,24,SAS,PG,31,3,8.3,0.9,2.2,0.403,0.2,0.5,0.313,0.7,1.6,0.431,0.44,0.3,0.3,0.9,0.2,0.8,1,1.1,0.2,0.1,0.4,0.5,2.2,,mccalra01
335,Kyle Anderson,22,SAS,SF,78,11,16,1.8,3.8,0.468,0.2,0.5,0.324,1.6,3.3,0.488,0.488,0.8,1.1,0.747,0.3,2.8,3.1,1.6,0.8,0.4,0.8,1.2,4.5,,anderky01
394,Luc Mbah a Moute,29,LAC,PF,75,61,17,1.3,2.8,0.454,0.2,0.5,0.325,1.1,2.2,0.485,0.486,0.4,0.8,0.526,0.8,1.5,2.3,0.4,0.6,0.3,0.5,1.3,3.1,,mbahalu01
14,Blake Griffin,26,LAC,PF,35,35,33.4,8.6,17.2,0.499,0.2,0.5,0.333,8.4,16.7,0.504,0.504,4,5.5,0.727,1.5,6.9,8.4,4.9,0.8,0.5,2.4,2.7,21.4,,griffbl01
90,Michael Beasley,27,HOU,PF,20,0,18.2,5.4,10.3,0.522,0.2,0.5,0.333,5.2,9.8,0.531,0.529,1.9,2.5,0.776,1.5,3.5,4.9,0.8,0.6,0.5,1.2,2,12.8,,beaslmi01
365,Delon Wright,23,TOR,PG,27,1,8.5,1.3,3,0.45,0.2,0.5,0.385,1.1,2.5,0.463,0.481,1,1.3,0.743,0.3,1.1,1.4,1.1,0.3,0.1,0.6,0.3,3.8,,wrighde01
453,Jimmer Fredette,26,NYK,SG,2,0,2.5,0.5,0.5,1,0.5,0.5,1,0,0,,1.5,2,2.5,0.8,0,0,0,0,0,0,0.5,0.5,3.5,,fredeji01
465,Bryce Cotton,23,2TM,PG,8,0,4.9,0.5,1.3,0.4,0,0.4,0,0.5,0.9,0.571,0.4,0,0,,0,0,0,0.4,0.4,0,0.6,0.3,1,,cottobr01
58,Zach Randolph,34,MEM,PF,68,53,29.6,6.3,13.3,0.475,0.1,0.4,0.231,6.3,13,0.482,0.479,2.5,3.2,0.796,2.6,5.1,7.8,2.1,0.6,0.2,1.5,2.1,15.3,,randoza01
64,Thaddeus Young,27,BRK,PF,73,73,33,6.8,13.2,0.514,0.1,0.4,0.233,6.7,12.8,0.523,0.518,1.4,2.2,0.644,2.4,6.6,9,1.9,1.5,0.5,1.9,2.5,15.1,,youngth01
124,Julius Randle,21,LAL,PF,81,60,28.2,4.4,10.3,0.429,0.1,0.4,0.278,4.3,9.9,0.436,0.435,2.4,3.3,0.715,2.1,8.1,10.2,1.8,0.7,0.4,1.8,3,11.3,,randlju01
155,Carl Landry,32,PHI,PF,36,12,15.8,3.9,6.9,0.556,0.2,0.4,0.462,3.7,6.6,0.561,0.568,1.9,2.5,0.736,1.4,2.7,4.1,0.9,0.3,0.3,0.6,1.9,9.8,,landrca01
446,Kevon Looney,19,GSW,PF,5,0,4.2,0.8,1.4,0.571,0.2,0.4,0.5,0.6,1,0.6,0.643,0,0,,0.8,1.2,2,0,0,0,0.2,0.4,1.8,,looneke01
451,Shayne Whittington,24,IND,PF,7,0,5.9,0.7,1.6,0.455,0,0.3,0,0.7,1.3,0.556,0.455,0.1,0.3,0.5,0.7,1,1.7,0.4,0.1,0.1,0.7,1,1.6,,whittsh01
453,Jimmer Fredette,26,NOP,SG,4,0,3.3,0.3,1,0.25,0,0.3,0,0.3,0.8,0.333,0.25,0,0,,0,0,0,0.3,0.3,0,0.3,0.3,0.5,,fredeji01
456,Erick Green,24,DEN,PG,3,0,2.3,0,0.3,0,0,0.3,0,0,0,,0,0,0,,0,0.3,0.3,0.3,0,0,0,0,0,,greener01
402,Tayshaun Prince,35,MIN,SF,77,44,19,1.3,3,0.445,0.1,0.3,0.174,1.3,2.7,0.476,0.454,0.2,0.2,0.684,0.4,1.5,1.9,0.9,0.5,0.2,0.4,0.8,2.9,,princta01
253,Andrea Bargnani,30,BRK,C,46,0,13.8,2.8,6.1,0.455,0.1,0.3,0.188,2.7,5.7,0.471,0.461,1,1.2,0.825,0.6,1.5,2.1,0.4,0.1,0.2,0.6,1.3,6.6,,bargnan01
440,Cameron Bairstow,25,CHI,C,18,2,5.7,0.7,2.2,0.325,0.1,0.3,0.2,0.7,1.9,0.343,0.338,0.4,0.4,0.875,0.2,1.3,1.6,0.3,0.1,0.2,0.2,1.1,1.9,,bairsca01
455,Russ Smith,24,MEM,PG,15,0,4.4,0.5,1.5,0.318,0.1,0.3,0.2,0.4,1.1,0.353,0.341,0.5,0.9,0.615,0.1,0.5,0.6,0.7,0.3,0.1,0.5,0.3,1.5,,smithru01
328,Kyle O'Quinn,25,NYK,PF,65,1,11.8,2,4.2,0.476,0.1,0.3,0.227,1.9,3.8,0.498,0.485,0.7,0.9,0.767,1.2,2.7,3.8,1.1,0.3,0.8,0.9,1.6,4.8,,oquinky01
368,Andre Miller,39,SAS,PG,13,4,13.9,1.8,3.7,0.479,0.1,0.3,0.25,1.7,3.4,0.5,0.49,0.7,1,0.692,0.5,1.6,2.1,2.2,0.5,0,0.9,1.1,4.3,,millean02
408,Chris Kaman,33,POR,C,16,2,7,1.3,2.7,0.465,0.1,0.3,0.25,1.2,2.4,0.487,0.477,0.2,0.2,1,0.4,1.1,1.5,0.7,0.1,0.1,0.5,0.9,2.8,,kamanch01
393,Jason Thompson,29,2TM,C,47,7,10,1.1,2.3,0.481,0.1,0.3,0.333,1,2,0.505,0.505,0.8,1.1,0.704,0.7,2.2,2.9,0.6,0.3,0.4,0.3,1.7,3.1,,thompja02
96,Enes Freedom,23,OKC,C,82,1,21,5,8.8,0.576,0.1,0.3,0.476,4.9,8.5,0.579,0.583,2.4,3.1,0.797,3,5.1,8.1,0.4,0.3,0.4,1.4,2,12.7,6MOY-3,kanteen01
453,Jimmer Fredette,26,2TM,SG,6,0,3,0.3,0.8,0.4,0.2,0.3,0.5,0.2,0.5,0.333,0.5,0.7,0.8,0.8,0,0,0,0.2,0.2,0,0.3,0.3,1.5,,fredeji01
36,LaMarcus Aldridge,30,SAS,PF,74,74,30.6,7.2,14.1,0.513,0,0.2,0,7.2,13.9,0.521,0.513,3.5,4.1,0.858,2.4,6.2,8.5,1.5,0.5,1.1,1.3,2,18,ASNBA3,aldrila01
439,Tibor Pleiß,26,UTA,C,12,0,6.8,0.9,2.1,0.44,0,0.2,0,0.9,1.9,0.478,0.44,0.2,0.2,1,0.5,0.8,1.3,0.2,0.1,0.2,0.7,1.6,2,,pleisti01
444,Jorge Gutiérrez,27,CHO,PG,12,0,5.3,0.5,0.9,0.545,0,0.2,0,0.5,0.8,0.667,0.545,0.8,0.9,0.909,0,0.6,0.6,1.4,0.3,0,0.5,0.3,1.8,,gutiejo01
458,Mitch McGary,23,OKC,PF,20,0,3.6,0.6,1.2,0.478,0,0.2,0,0.6,1,0.579,0.478,0.2,0.5,0.4,0.2,0.7,0.9,0.2,0.1,0.1,0.4,0.5,1.3,,mcgarmi01
309,Larry Nance Jr.,23,LAL,PF,63,22,20.1,2.5,4.8,0.527,0,0.2,0.1,2.5,4.6,0.541,0.528,0.5,0.7,0.681,1.6,3.3,5,0.7,0.9,0.4,0.7,2,5.5,,nancela02
449,Udonis Haslem,35,MIA,PF,37,0,7,0.6,1.6,0.377,0,0.2,0.111,0.6,1.4,0.423,0.385,0.3,0.4,0.75,0.3,1.8,2,0.4,0.1,0.1,0.1,0.7,1.6,,hasleud01
291,Dwight Powell,24,DAL,PF,69,2,14.4,2.1,4.3,0.493,0,0.2,0.125,2.1,4.1,0.514,0.497,1.5,2.1,0.739,1.2,2.7,4,0.6,0.5,0.3,0.6,1.7,5.8,,poweldw01
21,Brook Lopez,27,BRK,C,73,73,33.7,8.1,15.8,0.511,0,0.2,0.143,8.1,15.7,0.515,0.512,4.3,5.5,0.787,2.8,5.1,7.8,2,0.8,1.7,2.4,2.9,20.6,,lopezbr01
266,Shaun Livingston,30,GSW,PG,78,3,19.5,2.6,4.9,0.536,0,0.2,0.167,2.6,4.7,0.548,0.538,1,1.2,0.86,0.5,1.6,2.2,3,0.7,0.3,1,1.8,6.3,6MOY-11,livinsh01
144,Myles Turner,19,IND,C,60,30,22.8,4.4,8.8,0.498,0.1,0.2,0.214,4.4,8.6,0.506,0.501,1.5,2,0.727,1.1,4.4,5.5,0.7,0.4,1.4,1.1,2.6,10.3,ROY-8,turnemy01
234,Jason Smith,29,ORL,C,76,2,15.5,3.2,6.6,0.485,0.1,0.2,0.25,3.2,6.4,0.493,0.489,0.7,0.9,0.806,0.7,2.2,2.9,0.8,0.4,0.9,0.8,2.1,7.2,,smithja02
368,Andre Miller,39,2TM,PG,39,4,11.8,1.5,2.7,0.557,0.1,0.2,0.25,1.5,2.5,0.582,0.566,0.6,0.8,0.75,0.3,1,1.3,2.2,0.4,0,0.9,1.2,3.7,,millean02
368,Andre Miller,39,MIN,PG,26,0,10.8,1.4,2.2,0.621,0,0.2,0.25,1.3,2.1,0.648,0.629,0.6,0.7,0.789,0.2,0.7,0.9,2.2,0.3,0,1,1.2,3.4,,millean02
147,Gorgui Dieng,26,MIN,C,82,39,27.1,3.8,7.1,0.532,0.1,0.2,0.3,3.7,6.8,0.54,0.537,2.5,3,0.827,1.9,5.2,7.1,1.7,1.1,1.2,1.7,2.7,10.1,,dienggo01
47,Derrick Favors,24,UTA,PF,62,59,32,6.7,13.1,0.515,0,0.1,0,6.7,13,0.518,0.515,2.9,4.1,0.709,2.7,5.4,8.1,1.5,1.2,1.5,1.7,2.4,16.4,,favorde01
83,Dwight Howard,30,HOU,C,71,71,32.1,5.2,8.5,0.62,0,0.1,0,5.2,8.4,0.626,0.62,3.3,6.7,0.489,3.4,8.4,11.8,1.4,1,1.6,2.3,3.1,13.7,,howardw01
170,Nenê,33,WAS,PF,57,11,19.2,3.7,6.7,0.544,0,0.1,0,3.7,6.7,0.549,0.544,1.9,3.2,0.578,0.9,3.6,4.5,1.7,0.9,0.5,1.3,2.7,9.2,,hilarne01
200,Jusuf Nurkić,21,DEN,C,32,3,17.1,3.2,7.6,0.417,0,0.1,0,3.2,7.5,0.423,0.417,1.9,3.1,0.616,2,3.4,5.5,1.3,0.8,1.4,1.7,2.8,8.2,,nurkiju01
283,J.J. Hickson,27,WAS,C,15,0,8.7,1.7,3.1,0.543,0,0.1,0,1.7,3,0.556,0.543,1.3,2.9,0.432,1.1,1.9,3,0.5,0.3,0.1,0.6,0.8,4.6,,hicksjj01
295,Jarell Martin,21,MEM,PF,27,0,14.1,2,4.3,0.466,0,0.1,0,2,4.2,0.474,0.466,1.7,2.3,0.726,1.4,1.7,3.2,0.6,0.3,0.3,0.7,2.1,5.7,,martija01
304,Tiago Splitter,31,ATL,C,36,2,16.1,2.3,4.3,0.523,0,0.1,0,2.3,4.3,0.529,0.523,1.1,1.3,0.813,1.3,2.1,3.3,0.8,0.6,0.3,0.7,2,5.6,,splitti01
355,Elton Brand,36,PHI,C,17,1,13.2,1.8,4.2,0.431,0,0.1,0,1.8,4.2,0.437,0.431,0.5,0.5,0.889,0.5,3.2,3.7,1.1,0.5,0.5,0.6,1.9,4.1,,brandel01
386,Cristiano Felício,23,CHI,C,31,4,10.4,1.3,2.3,0.556,0,0.1,0,1.3,2.2,0.588,0.556,0.8,1.1,0.714,1,2.3,3.3,0.8,0.2,0.4,0.4,1,3.4,,feliccr01
407,Cory Jefferson,25,PHO,PF,8,0,6.3,1.1,2.8,0.409,0,0.1,0,1.1,2.6,0.429,0.409,0.5,0.8,0.667,0.8,1.3,2,0,0,0.1,0,1,2.8,,jeffeco01
442,Jeff Ayres,28,LAC,C,17,0,6.3,0.7,1.4,0.522,0,0.1,0,0.7,1.3,0.545,0.522,0.4,0.4,1,0.2,1.1,1.3,0.3,0,0.2,0.4,1.1,1.8,,pendeje02
187,Cody Zeller,23,CHO,C,73,60,24.3,3.2,6,0.529,0,0.1,0.1,3.2,5.8,0.539,0.53,2.4,3.2,0.754,1.9,4.3,6.2,1,0.8,0.9,0.9,2.8,8.7,,zelleco01
175,Alex Len,22,PHO,C,78,46,23.3,3.4,8,0.423,0,0.1,0.143,3.4,7.9,0.426,0.424,2.2,3.1,0.728,2.3,5.3,7.6,1.2,0.5,0.8,1.9,2.9,9,,lenal01
267,Timofey Mozgov,29,CLE,C,76,48,17.4,2.7,4.7,0.565,0,0.1,0.143,2.7,4.6,0.574,0.567,0.9,1.3,0.716,1.4,3,4.4,0.4,0.3,0.8,0.9,2.1,6.3,,mozgoti01
38,Jahlil Okafor,20,PHI,C,53,48,30,7.5,14.7,0.508,0,0.1,0.167,7.5,14.6,0.511,0.509,2.5,3.7,0.686,2.3,4.7,7,1.2,0.4,1.2,2.3,2.6,17.5,ROY-5,okafoja01
35,Nikola Vučević,25,ORL,C,65,60,31.3,8.2,16.1,0.51,0,0.1,0.222,8.2,16,0.512,0.511,1.7,2.3,0.753,2.7,6.2,8.9,2.8,0.8,1.1,1.9,2.7,18.2,,vucevni01
50,Andre Drummond,22,DET,C,81,81,32.9,6.8,13.1,0.521,0,0.1,0.333,6.8,13,0.522,0.522,2.6,7.2,0.355,4.9,9.9,14.8,0.8,1.5,1.4,1.9,3,16.2,DPOY-10ASNBA3,drumman01
432,Lucas Nogueira,23,TOR,C,29,1,7.8,1,1.5,0.636,0,0.1,0.333,0.9,1.4,0.659,0.648,0.3,0.5,0.533,0.6,1,1.6,0.2,0.4,0.4,0.4,1,2.2,,noguelu01
237,David West,35,SAS,PF,78,19,18,3.1,5.7,0.545,0,0.1,0.429,3.1,5.7,0.546,0.548,0.8,1,0.788,0.9,3,4,1.8,0.6,0.7,0.9,1.8,7.1,,westda01
45,Marc Gasol,31,MEM,C,52,52,34.4,6.3,13.6,0.464,0,0.1,0.667,6.3,13.5,0.463,0.465,3.9,4.7,0.829,1.1,5.8,7,3.8,1,1.3,2.3,2.7,16.6,,gasolma01
424,Tyler Hansbrough,30,CHO,PF,44,0,7.8,0.7,1.6,0.451,0,0.1,0.667,0.7,1.5,0.441,0.465,0.9,1.5,0.585,0.9,1.1,2,0.2,0.3,0.2,0.3,1.3,2.4,,hansbty01
57,Greg Monroe,25,MIL,C,79,67,29.3,6.2,11.9,0.522,0,0,0,6.2,11.9,0.522,0.522,2.9,3.9,0.74,2.8,6.1,8.8,2.3,0.9,0.8,1.6,2.1,15.3,,monrogr01
85,Marcin Gortat,31,WAS,C,75,74,30.1,5.8,10.2,0.567,0,0,0,5.8,10.2,0.567,0.567,1.9,2.8,0.705,3,6.9,9.9,1.4,0.6,1.3,1.6,2.6,13.5,,gortama01
97,DeAndre Jordan,27,LAC,C,77,77,33.7,4.6,6.6,0.703,0,0,0,4.6,6.6,0.704,0.703,3.5,8,0.43,3.5,10.3,13.8,1.2,0.7,2.3,1.4,2.7,12.7,DPOY-4NBA1DEF1,jordade01
142,Robin Lopez,27,NYK,C,82,82,27.1,4.4,8.1,0.539,0,0,0,4.4,8.1,0.54,0.539,1.6,2,0.795,3.3,4.1,7.3,1.4,0.2,1.6,1.6,2.2,10.3,,lopezro01
173,Mason Plumlee,25,POR,C,82,82,25.4,3.3,6.3,0.516,0,0,0,3.3,6.3,0.52,0.516,2.6,4.1,0.642,2.5,5.2,7.7,2.8,0.8,1,1.9,3.1,9.1,,plumlma01
180,Jordan Hill,28,IND,C,73,11,20.7,3.8,7.5,0.506,0,0,0,3.8,7.5,0.507,0.506,1.2,1.7,0.712,2.1,4,6.2,1.2,0.5,0.5,1.3,2.1,8.8,,hilljo01
189,Tim Duncan,39,SAS,C,61,60,25.2,3.5,7.2,0.488,0,0,0,3.5,7.2,0.49,0.488,1.5,2.1,0.702,1.9,5.4,7.3,2.7,0.8,1.3,1.5,2,8.6,,duncati01
190,Taj Gibson,30,CHI,PF,73,55,26.5,3.6,6.8,0.526,0,0,0,3.6,6.8,0.529,0.526,1.4,2,0.692,2.8,4.1,6.9,1.5,0.6,1.1,1.1,2.5,8.6,,gibsota01
191,Zaza Pachulia,31,DAL,C,76,69,26.4,2.9,6.2,0.466,0,0,0,2.9,6.1,0.469,0.466,2.8,3.6,0.768,3.3,6.2,9.4,1.7,0.8,0.3,1.6,2.4,8.6,,pachuza01
208,David Lee,32,2TM,PF,55,5,16.4,3.2,6.1,0.531,0,0,0,3.2,6.1,0.533,0.531,1.3,1.7,0.763,1.8,3.7,5.5,1.5,0.4,0.5,1.2,2.1,7.8,,leeda02
208,David Lee,32,BOS,PF,30,4,15.7,2.9,6.4,0.453,0,0,0,2.9,6.4,0.455,0.453,1.3,1.7,0.784,1.4,3,4.3,1.8,0.4,0.4,1.3,1.7,7.1,,leeda02
229,Brandon Bass,30,LAL,PF,66,0,20.3,2.6,4.8,0.549,0,0,0,2.6,4.8,0.552,0.549,1.9,2.2,0.845,1.6,2.7,4.3,1.1,0.5,0.8,0.6,1.9,7.2,,bassbr01
231,Tyson Chandler,33,PHO,C,66,60,24.5,2.8,4.8,0.583,0,0,0,2.8,4.7,0.585,0.583,1.6,2.6,0.62,2.7,6.1,8.7,1,0.5,0.7,1.4,2.2,7.2,,chandty01
239,Clint Capela,21,HOU,C,77,35,19.1,3,5.2,0.582,0,0,0,3,5.1,0.583,0.582,1,2.7,0.379,2.5,3.9,6.4,0.6,0.8,1.2,0.8,2.5,7,,capelca01
240,Willie Cauley-Stein,22,SAC,C,66,39,21.4,2.9,5.1,0.563,0,0,0,2.9,5.1,0.567,0.563,1.2,1.9,0.648,2,3.3,5.3,0.6,0.7,1,0.7,2.2,7,,caulewi01
242,John Henson,25,MIL,C,57,1,16.8,2.9,5.1,0.564,0,0,0,2.9,5.1,0.566,0.564,1.2,2.1,0.59,1.5,2.4,3.9,0.9,0.3,1.9,1.1,2.3,7,,hensojo01
265,Aron Baynes,29,DET,C,81,1,15.2,2.4,4.7,0.505,0,0,0,2.4,4.7,0.508,0.505,1.6,2,0.764,1.7,3,4.7,0.6,0.3,0.6,0.8,1.9,6.3,,baynear01
279,Alexis Ajinça,27,NOP,C,59,17,14.6,2.5,5.3,0.476,0,0,0,2.5,5.3,0.478,0.476,0.9,1.1,0.839,1.3,3.3,4.6,0.5,0.3,0.6,0.9,2.3,6,,ajincal01
283,J.J. Hickson,27,2TM,C,35,9,12.5,2.3,4.4,0.516,0,0,0,2.3,4.4,0.519,0.516,1.3,2.9,0.447,1.1,2.7,3.8,0.7,0.4,0.4,0.7,1.3,5.9,,hicksjj01
287,Roy Hibbert,29,LAL,C,81,81,23.2,2.2,5.1,0.443,0,0,0,2.2,5,0.445,0.443,1.4,1.8,0.807,1.6,3.3,4.9,1.2,0.4,1.4,0.9,3.1,5.9,,hibbero01
306,Bismack Biyombo,23,TOR,C,82,22,22,1.9,3.5,0.542,0,0,0,1.9,3.5,0.544,0.542,1.7,2.8,0.628,2.2,5.8,8,0.4,0.2,1.6,0.9,2.7,5.5,,biyombi01
319,JaVale McGee,28,DAL,C,34,2,10.9,2.3,3.9,0.575,0,0,0,2.3,3.9,0.579,0.575,0.5,1.1,0.5,1.6,2.4,3.9,0.1,0.1,0.8,0.6,1.4,5.1,,mcgeeja01
344,Joakim Noah,30,CHI,C,29,2,21.9,1.8,4.6,0.383,0,0,0,1.8,4.6,0.386,0.383,0.8,1.6,0.489,3,5.8,8.8,3.8,0.6,1,1.8,2.7,4.3,,noahjo01
345,Thomas Robinson,24,BRK,PF,71,7,12.9,1.8,4.1,0.447,0,0,0,1.8,4.1,0.448,0.447,0.7,1.5,0.431,1.9,3.1,5.1,0.6,0.5,0.5,1,1.6,4.3,,robinth01
347,Jeff Withey,25,UTA,C,51,10,12.9,1.7,3.2,0.537,0,0,0,1.7,3.1,0.544,0.537,0.8,1.2,0.729,1.1,2.3,3.4,0.4,0.4,1,0.5,1.5,4.3,,witheje01
362,Kevin Séraphin,26,NYK,C,48,0,11,1.8,4.3,0.41,0,0,0,1.8,4.2,0.414,0.41,0.4,0.5,0.826,0.6,2,2.6,1,0.2,0.8,0.9,1.4,3.9,,serapke01
372,Salah Mejri,29,DAL,C,34,6,11.7,1.4,2.3,0.628,0,0,0,1.4,2.3,0.636,0.628,0.8,1.4,0.587,1.2,2.4,3.6,0.3,0.2,1.1,0.7,1.6,3.7,,mejrisa01
376,Montrezl Harrell,22,HOU,PF,39,1,9.7,1.5,2.3,0.644,0,0,0,1.5,2.3,0.652,0.644,0.6,1.2,0.522,0.6,1,1.7,0.4,0.3,0.3,0.4,1.2,3.6,,harremo01
392,Kevin Garnett,39,MIN,PF,38,38,14.6,1.4,3,0.47,0,0,0,1.4,3,0.474,0.47,0.4,0.6,0.667,0.4,3.6,3.9,1.6,0.7,0.3,0.4,1.8,3.2,,garneke01
415,Anderson Varejão,33,2TM,C,53,0,9.4,1,2.3,0.427,0,0,0,1,2.3,0.431,0.427,0.6,0.9,0.64,0.7,2,2.7,0.7,0.3,0.2,0.4,1.3,2.6,,varejan01
415,Anderson Varejão,33,CLE,C,31,0,10,1,2.5,0.421,0,0,0,1,2.4,0.427,0.421,0.5,0.7,0.762,0.8,2.2,2.9,0.6,0.4,0.2,0.5,1.1,2.6,,varejan01
433,DeJuan Blair,26,WAS,C,29,0,7.5,1,2.3,0.412,0,0,0,1,2.3,0.418,0.412,0.2,0.4,0.385,0.7,1.3,2,0.4,0.3,0.1,0.5,1.8,2.1,,blairde01
434,Nick Collison,35,OKC,PF,59,4,11.8,0.8,1.8,0.459,0,0,0,0.8,1.8,0.467,0.459,0.4,0.6,0.697,1.2,1.7,2.9,0.9,0.3,0.3,0.8,1.8,2.1,,collini01
101,Kenneth Faried,26,DEN,PF,67,64,25.3,5.2,9.3,0.558,0,0,0.5,5.2,9.3,0.558,0.558,2,3.3,0.613,3.5,5.2,8.7,1.2,0.5,0.9,1.4,2.5,12.5,,farieke01
127,Nerlens Noel,21,PHI,C,67,62,29.3,4.6,8.8,0.521,0,0,0.5,4.6,8.7,0.521,0.522,2,3.4,0.59,2.3,5.8,8.1,1.8,1.8,1.5,2.4,2.9,11.1,,noelne01
401,James Michael McAdoo,23,GSW,PF,41,1,6.4,1.1,2,0.536,0,0,0.5,1.1,2,0.537,0.542,0.6,1.2,0.531,0.7,0.7,1.4,0.4,0.2,0.2,0.4,1,2.9,,mcadoja01
311,Andrew Bogut,31,GSW,C,70,66,20.7,2.5,4,0.627,0,0,1,2.5,4,0.626,0.629,0.3,0.7,0.48,1.7,5.3,7,2.3,0.5,1.6,1.2,3.2,5.4,,bogutan01
398,Johnny O'Bryant,22,MIL,PF,66,4,13,1.3,3.2,0.411,0,0,1,1.3,3.2,0.409,0.414,0.4,0.6,0.675,1,1.7,2.7,0.5,0.3,0.1,0.5,1.5,3,,obryajo01